"pondID","pond_name","years_data","years_profiles","max_per_year","avg_per_year","all_years","all_params","param_years","param_last5avg_surf","last_year","programs"
"BA-391-01","Mill Pond",2,0,1,1,"2003, 2020","Secchi, Temp, DO, pH, Alk, TP, TP_ugL, TN, Chla, Phaeo, CTI_TP, CTI_Chlorophyll, CTI_Secchi","2, 2, 2, 2, 2, 2, 2, 2, 2, 2, 2, 2, 2","0.8, 23.1, 9.66, 6.77, 40, 1.74, 53.89, 47.72, 0.41, 0.26, 61.64, 21.85, 63.22",2020,"Pond and Lake Stewards"
"BA-411-01","Hinckley Pond",12,9,1,1,"2003, 2006, 2007, 2008, 2009, 2010, 2011, 2012, 2013, 2016, 2019, 2020","Secchi, Temp, DO, pH, Alk, TP, TP_ugL, TN, Chla, Phaeo, CTI_TP, CTI_Chlorophyll, CTI_Secchi, Wind","10, 11, 11, 11, 11, 11, 11, 10, 11, 11, 11, 11, 10, 1","1.37, 22.53, 6.65, 6.95, 30.97, 1.14, 35.41, 61.36, 12.11, 2.82, 55.4, 53.98, 56.22, 1",2020,"Pond and Lake Stewards"
"BA-510-01","Garretts Pond",12,12,1,1,"2001, 2003, 2008, 2009, 2010, 2011, 2012, 2013, 2018, 2019, 2020, 2023","Secchi, Temp, DO, DO_sat, pH, Alk, TP, TP_ugL, TN, Chla, Phaeo, CTI_TP, CTI_Chlorophyll, CTI_Secchi, ATemp, NH4, NOX, DO_Final, DO_sat_Final, PO4, ORP, Wind, Sal, Cond","12, 12, 12, 1, 12, 12, 12, 11, 12, 12, 12, 11, 11, 11, 1, 1, 1, 1, 1, 1, 1, 1, 1, 1","4.6, 22.53, 8.18, NA, 5.9, 4.7, 0.4, 12.49, 26.85, 1.99, 1.19, 40.45, 36.02, 38.05, NA, NA, NA, NA, NA, NA, NA, 1, NA, NA",2023,"Pond and Lake Stewards, Cape Cod Regional Pond Monitoring Program"
"BA-523-01","No Bottom Pond",2,2,1,1,"2003, 2020","Secchi, Temp, DO, pH, Alk, TP, TP_ugL, TN, Chla, Phaeo, CTI_TP, CTI_Chlorophyll, CTI_Secchi","2, 2, 2, 2, 2, 2, 2, 2, 2, 2, 2, 2, 2","3.54, 24.5, 7.28, 6.09, 6.9, 0.87, 26.95, 53.71, 6.16, 0.03, 51.65, 48.44, 41.78",2020,"Pond and Lake Stewards"
"BA-564-01","Little Pond",13,0,1,1,"2001, 2005, 2006, 2007, 2008, 2009, 2010, 2011, 2012, 2013, 2016, 2019, 2020","Secchi, Temp, DO, pH, Alk, TP, TP_ugL, TN, Chla, Phaeo, CTI_TP, CTI_Chlorophyll, CTI_Secchi, Wind","12, 13, 13, 13, 13, 13, 13, 13, 13, 13, 13, 13, 12, 1","0.43, 24.63, 3.97, 5.32, 2.23, 0.86, 26.64, 43.38, 5.86, 1.87, 49.83, 47.88, 72.54, 2",2020,"Pond and Lake Stewards"
"BA-565-01","Hathaway Pond (North)",12,12,2,1.08,"2001, 2003, 2008, 2009, 2010, 2011, 2012, 2013, 2018, 2019, 2020, 2023","Secchi, Temp, DO, DO_sat, pH, Alk, TP, TP_ugL, TN, Chla, Phaeo, CTI_TP, CTI_Chlorophyll, CTI_Secchi, ATemp, NH4, NOX, DO_Final, DO_sat_Final, PO4, ORP, Wind, Sal, Cond","12, 12, 12, 1, 12, 12, 12, 11, 12, 12, 12, 11, 11, 11, 1, 1, 1, 1, 1, 1, 1, 1, 1, 1","6.2, 22.83, 8.27, NA, 5.87, 2.6, 0.38, 11.66, 16.17, 1.54, 0.74, 38.62, 32.11, 33.72, NA, NA, NA, NA, NA, NA, NA, 2, NA, NA",2023,"Pond and Lake Stewards, Cape Cod Regional Pond Monitoring Program"
"BA-584-01","Mystic Lake",17,17,2,1.12,"2001, 2003, 2004, 2005, 2006, 2007, 2008, 2009, 2010, 2011, 2012, 2013, 2014, 2016, 2018, 2019, 2020","Secchi, Temp, DO, pH, Alk, TP, TP_ugL, TN, Chla, Phaeo, CTI_TP, CTI_Chlorophyll, CTI_Secchi, Wind","17, 17, 17, 17, 17, 17, 17, 17, 17, 16, 17, 17, 17, 1","3.39, 24.98, 7.94, 7.07, 25.08, 0.64, 19.9, 26.17, 2.86, 1.15, 36.27, 39, 42.5, 2",2020,"Pond and Lake Stewards"
"BA-594-01","Hathaway Pond (South)",2,1,1,1,"2001, 2020","Secchi, Temp, DO, pH, Alk, TP, TP_ugL, TN, Chla, Phaeo, CTI_TP, CTI_Chlorophyll, CTI_Secchi","2, 2, 2, 2, 2, 2, 2, 2, 2, 2, 2, 2, 2","2.1, 25.1, 7.84, 5.01, 0.7, 0.39, 12.08, 22.09, 2.33, 0.03, 40.08, 38.9, 49.31",2020,"Pond and Lake Stewards"
"BA-605-01","Wequaquet Lake",9,8,1,1,"2005, 2006, 2007, 2008, 2009, 2011, 2012, 2018, 2019","Secchi, Temp, DO, pH, Alk, TP, TP_ugL, TN, Chla, Phaeo, CTI_TP, CTI_Chlorophyll, CTI_Secchi, Wind","8, 8, 8, 8, 8, 7, 7, 7, 7, 7, 7, 7, 8, 1","3.38, 25, 8.1, 6.74, 13.85, 0.62, 19.05, 21.38, 4.85, 2.16, 46.53, 45.72, 42.52, 3",2019,"Pond and Lake Stewards"
"BA-605-03","Wequaquet Lake",2,2,1,1,"2018, 2019","Secchi, Temp, DO, pH, Alk, TP, TP_ugL, TN, Chla, Phaeo, CTI_TP, CTI_Chlorophyll, CTI_Secchi, Wind","2, 2, 2, 2, 2, 2, 2, 2, 2, 2, 2, 2, 2, 1","5.01, 25.15, 8.41, 6.72, 12.9, 0.54, 16.65, 23.7, 2.01, 0.78, 44.66, 37.45, 36.77, 2",2019,"Pond and Lake Stewards"
"BA-617-01","Bearse Pond",13,12,2,1.08,"2001, 2003, 2005, 2006, 2008, 2009, 2010, 2011, 2012, 2013, 2018, 2019, 2020","Secchi, Temp, DO, pH, Alk, TP, TP_ugL, TN, Chla, Phaeo, CTI_TP, CTI_Chlorophyll, CTI_Secchi","12, 12, 12, 12, 12, 12, 12, 11, 12, 12, 12, 12, 12","2.55, 25.23, 8.25, 6.68, 15.23, 0.64, 19.72, 24.39, 4.13, 1.84, 46.91, 36.57, 47.11",2020,"Pond and Lake Stewards"
"BA-626-01","Shallow Pond",11,11,1,1,"2001, 2003, 2008, 2009, 2010, 2011, 2012, 2013, 2018, 2019, 2020","Secchi, Temp, DO, pH, Alk, TP, TP_ugL, TN, Chla, Phaeo, CTI_TP, CTI_Chlorophyll, CTI_Secchi, Wind","11, 11, 11, 11, 11, 11, 11, 11, 11, 11, 11, 11, 11, 1","2.29, 24.47, 7.7, 6.22, 5.9, 0.5, 15.34, 30.45, 2.12, 1.12, 43.48, 34.74, 48.04, 1",2020,"Pond and Lake Stewards"
"BA-640-01","Middle Pond",17,17,2,1.06,"2001, 2003, 2004, 2005, 2006, 2007, 2008, 2009, 2010, 2011, 2012, 2013, 2014, 2016, 2018, 2019, 2020","Secchi, Temp, DO, pH, Alk, TP, TP_ugL, TN, Chla, Phaeo, CTI_TP, CTI_Chlorophyll, CTI_Secchi, Wind","16, 17, 17, 17, 17, 17, 17, 17, 17, 16, 17, 17, 16, 1","3.84, 25.65, 7.98, 7.03, 21.98, 0.46, 14.33, 21.56, 2.54, 0.98, 42.5, 34.91, 40.66, 2",2020,"Pond and Lake Stewards"
"BA-646-01","Mary Dunn Pond",11,7,1,1,"2001, 2003, 2008, 2009, 2010, 2011, 2012, 2013, 2018, 2019, 2020","Secchi, Temp, DO, pH, Alk, TP, TP_ugL, TN, Chla, Phaeo, CTI_TP, CTI_Chlorophyll, CTI_Secchi, Wind","10, 11, 11, 11, 11, 11, 11, 11, 11, 11, 11, 11, 10, 1","1.22, 21.83, 8.26, 6.24, 5.53, 0.46, 14.25, 31.55, 1.96, 1.01, 41.2, 32.44, 59.76, 2",2020,"Pond and Lake Stewards"
"BA-664-01","Shubael Pond",12,12,1,1,"2001, 2003, 2007, 2008, 2009, 2010, 2011, 2012, 2013, 2018, 2019, 2020","Secchi, Temp, DO, pH, Alk, TP, TP_ugL, TN, Chla, Phaeo, CTI_TP, CTI_Chlorophyll, CTI_Secchi, Wind","12, 12, 12, 12, 12, 12, 12, 12, 12, 12, 12, 12, 12, 1","4.85, 22.97, 8.32, 6.73, 18.13, 0.52, 16, 28.72, 2.08, 1.62, 43.98, 37.4, 37.55, 3",2020,"Pond and Lake Stewards"
"BA-668-01","Hamblin Pond",17,17,2,1.18,"2001, 2003, 2004, 2005, 2006, 2007, 2008, 2009, 2010, 2011, 2012, 2013, 2014, 2016, 2018, 2019, 2020","Secchi, Temp, DO, pH, Alk, TP, TP_ugL, TN, Chla, Phaeo, CTI_TP, CTI_Chlorophyll, CTI_Secchi","16, 17, 17, 16, 16, 16, 16, 16, 16, 16, 16, 16, 16","6.77, 25.68, 7.9, 6.8, 16.7, 0.54, 16.73, 30.62, 1.1, 0.35, 43.45, 27.02, 32.46",2020,"Pond and Lake Stewards"
"BA-675-01","Long Pond",8,8,2,1.12,"2001, 2003, 2005, 2008, 2011, 2018, 2019, 2020","Secchi, Temp, DO, pH, Alk, TP, TP_ugL, TN, Chla, Phaeo, CTI_TP, CTI_Chlorophyll, CTI_Secchi, Wind","8, 8, 8, 8, 8, 8, 8, 8, 8, 8, 8, 8, 8, 1","4.62, 24.32, 7.44, 6.96, 22.73, 0.46, 14.25, 47.93, 3.48, 4, 42.23, 35.87, 42.79, 3",2020,"Pond and Lake Stewards"
"BA-691-01","Round Pond",13,13,1,1,"2001, 2003, 2005, 2007, 2008, 2009, 2010, 2011, 2012, 2013, 2018, 2019, 2020","Secchi, Temp, DO, pH, Alk, TP, TP_ugL, TN, Chla, Phaeo, CTI_TP, CTI_Chlorophyll, CTI_Secchi, Wind","13, 13, 13, 13, 13, 13, 13, 13, 13, 13, 13, 13, 13, 1","2.15, 23.13, 8.66, 6.7, 18.2, 0.9, 27.77, 35.44, 12.5, 3.44, 52.05, 53.15, 49.68, 3",2020,"Pond and Lake Stewards"
"BA-694-01","Muddy Pond",12,12,1,1,"2001, 2003, 2007, 2008, 2009, 2010, 2011, 2012, 2013, 2018, 2019, 2020","Secchi, Temp, DO, pH, Alk, TP, TP_ugL, TN, Chla, Phaeo, CTI_TP, CTI_Chlorophyll, CTI_Secchi, Wind","12, 12, 12, 12, 12, 12, 12, 12, 12, 12, 12, 12, 12, 1","2.05, 23.97, 6.4, 6.34, 10.43, 0.82, 25.5, 29.77, 5.17, 8.06, 50.85, 45.28, 49.72, 2",2020,"Pond and Lake Stewards"
"BA-719-01","Lumbert Pond",12,2,1,1,"2001, 2003, 2007, 2008, 2009, 2010, 2011, 2012, 2013, 2018, 2019, 2020","Secchi, Temp, DO, pH, Alk, TP, TP_ugL, TN, Chla, Phaeo, CTI_TP, CTI_Chlorophyll, CTI_Secchi, Wind","12, 12, 12, 12, 12, 12, 12, 12, 12, 12, 12, 12, 12, 1","0.53, 20.77, 10.06, 6.6, 25.53, 0.75, 23.28, 113.08, 13.86, 15.75, 49.04, 54.42, 69.56, 3",2020,"Pond and Lake Stewards"
"BA-723-01","Dunns Pond",4,3,1,1,"2001, 2018, 2019, 2020","Secchi, Temp, DO, pH, Alk, TP, TP_ugL, TN, Chla, Phaeo, CTI_TP, CTI_Chlorophyll, CTI_Secchi, Wind","4, 4, 4, 4, 4, 4, 4, 4, 3, 3, 4, 3, 4, 1","0.58, 24.53, 8.45, 6.33, 13.9, 2.23, 69.17, 84.24, 34, 27.78, 64.88, 65.12, 68.19, 2",2020,"Pond and Lake Stewards"
"BA-737-01","Long Pond",5,5,1,1,"2001, 2003, 2008, 2020, 2023","Secchi, Temp, DO, DO_sat, pH, Alk, TP, TP_ugL, TN, Chla, Phaeo, CTI_TP, CTI_Chlorophyll, CTI_Secchi, ATemp, NH4, NOX, DO_Final, DO_sat_Final, PO4, ORP, Sal, Cond","5, 5, 5, 1, 5, 5, 5, 4, 5, 5, 5, 4, 4, 4, 1, 1, 1, 1, 1, 1, 1, 1, 1","3.45, 23.8, 7.78, NA, 6.73, 20.6, 0.73, 22.61, 38.15, 2.32, 0.76, 49.12, 38.86, 42.16, NA, NA, NA, NA, NA, NA, NA, NA, NA",2023,"Pond and Lake Stewards, Cape Cod Regional Pond Monitoring Program"
"BA-746-01","Mill Pond",16,1,1,1,"2001, 2003, 2005, 2006, 2007, 2008, 2009, 2010, 2011, 2012, 2013, 2014, 2016, 2018, 2019, 2020","Secchi, Temp, DO, pH, Alk, TP, TP_ugL, TN, Chla, Phaeo, CTI_TP, CTI_Chlorophyll, CTI_Secchi, Wind","14, 16, 16, 16, 16, 15, 14, 16, 16, 16, 14, 15, 14, 1","0.44, 18.85, 7.23, 6.54, 29.12, 1.31, 40.69, 56.22, 2.39, 2.51, 57.04, 38.49, 71.72, 1",2020,"Pond and Lake Stewards"
"BA-748-01","Fawcetts Pond",3,0,1,1,"2001, 2003, 2020","Secchi, Temp, DO, pH, Alk, TP, TP_ugL, TN, Chla, Phaeo, CTI_TP, CTI_Chlorophyll, CTI_Secchi","3, 3, 3, 3, 3, 3, 3, 3, 3, 3, 3, 3, 3","1.22, 20, 8.21, 7.53, 79.3, 0.69, 21.37, 59.39, 20.43, 0.03, 48.3, 60.2, 57.13",2020,"Pond and Lake Stewards"
"BA-756-01","Aunt Bettys Pond",11,1,1,1,"2001, 2003, 2008, 2009, 2010, 2011, 2012, 2013, 2018, 2019, 2020","Secchi, Temp, DO, pH, Alk, TP, TP_ugL, TN, Chla, Phaeo, CTI_TP, CTI_Chlorophyll, CTI_Secchi, Wind","10, 11, 11, 11, 11, 11, 11, 11, 11, 11, 11, 11, 10, 1","0.81, 21.63, 7.64, 7.04, 50.73, 0.55, 17.19, 66.08, 1.84, 0.78, 44.98, 35.46, 63.14, 2",2020,"Pond and Lake Stewards"
"BA-759-01","Lovells Pond",15,15,2,1.07,"2001, 2003, 2005, 2006, 2008, 2009, 2010, 2011, 2012, 2013, 2014, 2018, 2019, 2020, 2023","Secchi, Temp, DO, DO_sat, pH, Alk, TP, TP_ugL, TN, Chla, Phaeo, CTI_TP, CTI_Chlorophyll, CTI_Secchi, ATemp, NH4, NOX, DO_Final, DO_sat_Final, PO4, ORP, Wind, Sal, Cond","15, 15, 15, 1, 15, 15, 15, 14, 15, 15, 14, 14, 14, 14, 1, 1, 1, 1, 1, 1, 1, 1, 1, 1","3.71, 25.43, 8.36, NA, 6.91, 15.77, 0.49, 15.28, 26.09, 1.24, 0.33, 43.3, 30.03, 41.2, NA, NA, NA, NA, NA, NA, NA, 1, NA, NA",2023,"Pond and Lake Stewards, Cape Cod Regional Pond Monitoring Program"
"BA-782-01","Red Lily Pond",11,1,1,1,"2001, 2003, 2008, 2009, 2010, 2011, 2012, 2013, 2018, 2019, 2020","Secchi, Temp, DO, pH, Alk, TP, TP_ugL, TN, Chla, Phaeo, CTI_TP, CTI_Chlorophyll, CTI_Secchi, Wind","11, 11, 11, 11, 11, 11, 11, 11, 11, 11, 11, 11, 11, 1","0.77, 22.23, 5.25, 6.34, 27.97, 0.45, 14.04, 108.99, 1.62, 2.78, 41.79, 34.93, 64.44, 3",2020,"Pond and Lake Stewards"
"BA-795-01","Lake Elizabeth",12,10,1,1,"2001, 2003, 2008, 2009, 2010, 2011, 2012, 2013, 2018, 2019, 2020, 2023","Secchi, Temp, DO, DO_sat, pH, Alk, TP, TP_ugL, TN, Chla, Phaeo, CTI_TP, CTI_Chlorophyll, CTI_Secchi, ATemp, NH4, NOX, DO_Final, DO_sat_Final, PO4, ORP, Wind, Sal, Cond","11, 11, 11, 1, 12, 12, 12, 11, 12, 12, 12, 11, 11, 10, 1, 1, 1, 1, 1, 1, 1, 1, 1, 1","1.65, 23.37, 6.65, NA, 6.75, 35.23, 0.47, 14.45, 36.57, 3.08, 0.54, 42.27, 41.16, 52.85, NA, NA, NA, NA, NA, NA, NA, 2, NA, NA",2023,"Pond and Lake Stewards, Cape Cod Regional Pond Monitoring Program"
"BA-797-01","Micah Pond",16,16,2,1.06,"2001, 2003, 2005, 2006, 2007, 2008, 2009, 2010, 2011, 2012, 2013, 2016, 2018, 2019, 2020, 2023","Secchi, Temp, DO, DO_sat, pH, Alk, TP, TP_ugL, TN, Chla, Phaeo, CTI_TP, CTI_Chlorophyll, CTI_Secchi, ATemp, NH4, NOX, DO_Final, DO_sat_Final, PO4, ORP, Wind, Sal, Cond","15, 15, 15, 1, 16, 16, 16, 15, 15, 16, 16, 15, 15, 14, 1, 1, 1, 1, 1, 1, 1, 1, 1, 1","6.05, 25.27, 7.24, NA, 5.81, 2.33, 0.31, 9.72, 21.66, 1.1, 0.12, 36.51, 25.08, 34.6, NA, NA, NA, NA, NA, NA, NA, 2, NA, NA",2023,"Pond and Lake Stewards, Cape Cod Regional Pond Monitoring Program"
"BA-802-01","Bog Pond",16,0,1,1,"2001, 2003, 2005, 2006, 2007, 2008, 2009, 2010, 2011, 2012, 2013, 2014, 2016, 2018, 2019, 2020","Secchi, Temp, DO, pH, Alk, TP, TP_ugL, TN, Chla, Phaeo, CTI_TP, CTI_Chlorophyll, CTI_Secchi, Wind","14, 16, 16, 16, 16, 16, 16, 16, 16, 16, 16, 16, 14, 1","0.37, 24.75, 6.8, 6.86, 36.02, 0.95, 29.31, 60.34, 16.34, 1.97, 52.59, 52.13, 74.69, 1",2020,"Pond and Lake Stewards"
"BA-806-01","Schoolhouse Pond",12,12,1,1,"2001, 2003, 2007, 2008, 2009, 2010, 2011, 2012, 2013, 2018, 2019, 2020","Secchi, Temp, DO, pH, Alk, TP, TP_ugL, TN, Chla, Phaeo, CTI_TP, CTI_Chlorophyll, CTI_Secchi, Wind","12, 12, 12, 12, 12, 12, 12, 12, 12, 12, 12, 12, 12, 1","1.35, 21.6, 9.36, 7.26, 50.73, 1.72, 53.33, 57.07, 16.74, 5.01, 61.35, 53.95, 55.89, 1",2020,"Pond and Lake Stewards"
"BA-807-01","Joshua Pond",15,14,1,1,"2001, 2003, 2005, 2006, 2007, 2008, 2009, 2010, 2011, 2012, 2013, 2016, 2018, 2019, 2020","Secchi, Temp, DO, pH, Alk, TP, TP_ugL, TN, Chla, Phaeo, CTI_TP, CTI_Chlorophyll, CTI_Secchi, Wind","14, 14, 14, 15, 15, 15, 15, 14, 15, 15, 15, 15, 14, 1","7.02, 25.77, 12.13, 5.2, 0.82, 0.31, 9.72, 15.36, 0.97, 0.42, 36.78, 26.55, 32.2, 2",2020,"Pond and Lake Stewards"
"BA-815-01","Eagle Pond",14,14,1,1,"2001, 2003, 2006, 2007, 2008, 2009, 2010, 2011, 2012, 2013, 2014, 2018, 2019, 2020","Secchi, Temp, DO, pH, Alk, TP, TP_ugL, TN, Chla, Phaeo, CTI_TP, CTI_Chlorophyll, CTI_Secchi, Wind","14, 14, 14, 14, 14, 14, 14, 14, 14, 14, 14, 14, 14, 1","3.89, 25.63, 7.56, 6.58, 14.03, 0.46, 14.35, 44.13, 1.27, 0.23, 42.17, 24.56, 40.49, 2",2020,"Pond and Lake Stewards"
"BA-819-01","Coleman Pond",1,1,1,1,"2001","Secchi, Temp, DO, pH, Alk, TP, TP_ugL, TN, Chla, Phaeo, CTI_TP, CTI_Chlorophyll, CTI_Secchi","1, 1, 1, 1, 1, 1, 1, 1, 1, 1, 1, 1, 1","NA, NA, NA, NA, NA, NA, NA, NA, NA, NA, NA, NA, NA",2001,"Pond and Lake Stewards"
"BA-874-01","Neck Pond",15,15,1,1,"2001, 2003, 2005, 2006, 2007, 2008, 2009, 2010, 2011, 2012, 2013, 2016, 2018, 2019, 2020","Secchi, Temp, DO, pH, Alk, TP, TP_ugL, TN, Chla, Phaeo, CTI_TP, CTI_Chlorophyll, CTI_Secchi, Wind","15, 15, 15, 14, 14, 14, 14, 14, 14, 14, 14, 14, 15, 1","6.1, 23.5, 8.94, 6.74, 19.57, 0.61, 18.79, 27.77, 1.95, 3.18, 42.11, 26.07, 34.16, 2",2020,"Pond and Lake Stewards"
"BA-875-01","Parker Pond",16,16,1,1,"2001, 2003, 2005, 2006, 2007, 2008, 2009, 2010, 2011, 2012, 2013, 2016, 2018, 2019, 2020, 2023","Secchi, Temp, DO, DO_sat, pH, Alk, TP, TP_ugL, TN, Chla, Phaeo, CTI_TP, CTI_Chlorophyll, CTI_Secchi, ATemp, NH4, NOX, DO_Final, DO_sat_Final, PO4, ORP, Wind, Sal, Cond","16, 16, 16, 1, 15, 15, 15, 14, 15, 15, 15, 14, 14, 15, 1, 1, 1, 1, 1, 1, 1, 1, 1, 1","1.54, 22.98, 7.58, NA, 6.98, 29.97, 0.63, 19.57, 44.85, 6.63, 9.83, 46.71, 47.93, 53.92, NA, NA, NA, NA, NA, NA, NA, 2, NA, NA",2023,"Pond and Lake Stewards, Cape Cod Regional Pond Monitoring Program"
"BA-878-01","Crystal Lake",15,15,1,1,"2001, 2003, 2005, 2006, 2007, 2008, 2009, 2010, 2011, 2012, 2013, 2016, 2018, 2019, 2020","Secchi, Temp, DO, pH, Alk, TP, TP_ugL, TN, Chla, Phaeo, CTI_TP, CTI_Chlorophyll, CTI_Secchi, Wind","15, 15, 15, 14, 14, 14, 14, 14, 14, 14, 14, 14, 15, 1","4.78, 22.77, 9.5, 6.58, 10.6, 0.64, 19.93, 29.91, 3.38, 2.45, 45.77, 42.05, 37.53, 2",2020,"Pond and Lake Stewards"
"BA-881-01","Lewis Pond",14,14,1,1,"2001, 2003, 2005, 2006, 2008, 2009, 2010, 2011, 2012, 2013, 2014, 2018, 2019, 2020","Secchi, Temp, DO, pH, Alk, TP, TP_ugL, TN, Chla, Phaeo, CTI_TP, CTI_Chlorophyll, CTI_Secchi, Wind","14, 14, 14, 14, 14, 14, 14, 14, 14, 13, 14, 14, 14, 1","1.39, 25.6, 8.45, 7, 24.97, 0.82, 25.55, 29.17, 8.27, 2.14, 50.74, 47.13, 55.38, 2",2020,"Pond and Lake Stewards"
"BA-914-01","Rushy Marsh Pond",7,6,1,1,"2003, 2009, 2010, 2011, 2012, 2013, 2014","Secchi, Temp, DO, pH, Alk, TP, TP_ugL, TN, Chla, Phaeo, CTI_TP, CTI_Chlorophyll, CTI_Secchi","6, 7, 7, 7, 7, 7, 7, 7, 7, 7, 7, 7, 6","NA, NA, NA, NA, NA, NA, NA, NA, NA, NA, NA, NA, NA",2014,"Pond and Lake Stewards"
"BO-212-01","Queen Sewell Pond",1,1,2,2,"2023","Secchi, Temp, DO, DO_sat, pH, Alk, TP, TN, Chla, Phaeo, ATemp, NH4, NOX, DO_Final, DO_sat_Final, PO4, ORP, Sal, Cond","1, 1, 1, 1, 1, 1, 1, 1, 1, 1, 1, 1, 1, 1, 1, 1, 1, 1, 1","NA, NA, NA, NA, NA, NA, NA, NA, NA, NA, NA, NA, NA, NA, NA, NA, NA, NA, NA",2023,"Cape Cod Regional Pond Monitoring Program"
"BO-511-01","Shop Pond",3,3,1,1,"2004, 2005, 2007","Secchi, Temp, DO, pH, Alk, TP, TP_ugL, TN, Chla, Phaeo, CTI_TP, CTI_Chlorophyll, CTI_Secchi","3, 3, 3, 3, 3, 3, 3, 3, 3, 3, 3, 3, 3","NA, NA, NA, NA, NA, NA, NA, NA, NA, NA, NA, NA, NA",2007,"Pond and Lake Stewards"
"BO-538-01","Lily Pond",5,0,1,1,"2001, 2003, 2005, 2007, 2008","Secchi, Temp, DO, pH, Alk, TP, TP_ugL, TN, Chla, Phaeo, CTI_TP, CTI_Chlorophyll, CTI_Secchi","4, 5, 5, 5, 5, 5, 5, 5, 5, 5, 5, 5, 4","NA, NA, NA, NA, NA, NA, NA, NA, NA, NA, NA, NA, NA",2008,"Pond and Lake Stewards"
"BO-556-01","Flax Pond",7,6,2,1.14,"2001, 2003, 2004, 2005, 2007, 2008, 2023","Secchi, Temp, DO, DO_sat, pH, Alk, TP, TP_ugL, TN, Chla, Phaeo, CTI_TP, CTI_Chlorophyll, CTI_Secchi, ATemp, NH4, NOX, DO_Final, DO_sat_Final, PO4, ORP, Sal, Cond","6, 7, 7, 1, 7, 7, 7, 6, 7, 7, 7, 6, 6, 5, 1, 1, 1, 1, 1, 1, 1, 1, 1","NA, NA, NA, NA, NA, NA, NA, NA, NA, NA, NA, NA, NA, NA, NA, NA, NA, NA, NA, NA, NA, NA, NA",2023,"Pond and Lake Stewards, Cape Cod Regional Pond Monitoring Program"
"BO-578-01","Fish and Game Pond (South)",1,0,1,1,"2001","Secchi, Temp, DO, pH, Alk, TP, TP_ugL, TN, Chla, Phaeo, CTI_TP, CTI_Chlorophyll, CTI_Secchi","1, 1, 1, 1, 1, 1, 1, 1, 1, 1, 1, 1, 1","NA, NA, NA, NA, NA, NA, NA, NA, NA, NA, NA, NA, NA",2001,"Pond and Lake Stewards"
"BO-644-01","Red Brook Pond",8,7,1,1,"2001, 2003, 2004, 2005, 2006, 2007, 2008, 2023","Secchi, Temp, DO, DO_sat, pH, Alk, TP, TP_ugL, TN, Chla, Phaeo, CTI_TP, CTI_Chlorophyll, CTI_Secchi, ATemp, NH4, NOX, DO_Final, DO_sat_Final, PO4, ORP, Sal, Cond","7, 8, 8, 1, 8, 8, 8, 7, 8, 8, 8, 7, 7, 6, 1, 1, 1, 1, 1, 1, 1, 1, 1","NA, NA, NA, NA, NA, NA, NA, NA, NA, NA, NA, NA, NA, NA, NA, NA, NA, NA, NA, NA, NA, NA, NA",2023,"Pond and Lake Stewards, Cape Cod Regional Pond Monitoring Program"
"BR-162-01","Owl Pond",12,12,1,1,"2004, 2005, 2006, 2007, 2008, 2009, 2010, 2011, 2012, 2013, 2014, 2016","Secchi, Temp, DO, pH, Alk, TP, TP_ugL, TN, Chla, Phaeo, CTI_TP, CTI_Chlorophyll, CTI_Secchi","12, 12, 12, 12, 12, 12, 12, 12, 12, 12, 12, 12, 12","5.8, 23.4, 5.92, 6.02, 2.8, 0.97, 30.04, 27.99, 4.31, 2.33, 53.21, 44.93, 34.67",2016,"Pond and Lake Stewards"
"BR-168-01","Flax Pond",14,14,1,1,"2001, 2003, 2004, 2005, 2006, 2007, 2008, 2009, 2010, 2011, 2012, 2013, 2014, 2016","Secchi, Temp, DO, pH, Alk, TP, TP_ugL, TN, Chla, Phaeo, CTI_TP, CTI_Chlorophyll, CTI_Secchi","14, 14, 14, 14, 14, 14, 14, 14, 14, 14, 14, 14, 14","5.24, 23.5, 9.26, 6.46, 5.8, 0.34, 10.53, 27.37, 3.64, 0.03, 38.1, 43.27, 36.13",2016,"Pond and Lake Stewards"
"BR-177-01","Myricks Pond",13,13,1,1,"2001, 2003, 2004, 2005, 2006, 2007, 2008, 2009, 2010, 2012, 2013, 2014, 2016","Secchi, Temp, DO, pH, Alk, TP, TP_ugL, TN, Chla, Phaeo, CTI_TP, CTI_Chlorophyll, CTI_Secchi","13, 13, 13, 13, 13, 13, 13, 13, 13, 13, 13, 13, 13","1.4, 24, 8.9, 6.92, 13.3, 0.76, 23.54, 62.71, 50.21, 5.47, 49.7, 69.02, 55.15",2016,"Pond and Lake Stewards"
"BR-179-01","Cobbs Pond",14,14,1,1,"2001, 2003, 2004, 2005, 2006, 2007, 2008, 2009, 2010, 2011, 2012, 2013, 2014, 2016","Secchi, Temp, DO, pH, Alk, TP, TP_ugL, TN, Chla, Phaeo, CTI_TP, CTI_Chlorophyll, CTI_Secchi","14, 14, 14, 14, 14, 14, 14, 14, 14, 14, 14, 14, 14","1.71, 23.5, 8.91, 7.19, 28, 1.36, 42.12, 66.22, 26.57, 20.42, 58.09, 62.77, 52.31",2016,"Pond and Lake Stewards"
"BR-180-01","Blueberry Pond",14,14,1,1,"2001, 2003, 2004, 2005, 2006, 2007, 2008, 2009, 2010, 2011, 2012, 2013, 2014, 2016","Secchi, Temp, DO, pH, Alk, TP, TP_ugL, TN, Chla, Phaeo, CTI_TP, CTI_Chlorophyll, CTI_Secchi","13, 14, 14, 14, 14, 14, 14, 14, 14, 14, 14, 14, 13","3.07, 23.8, 8.46, 6.61, 8, 0.54, 16.73, 43.25, 12.42, 6.9, 44.77, 55.31, 43.86",2016,"Pond and Lake Stewards"
"BR-189-01","Sols Pond",11,11,1,1,"2001, 2003, 2004, 2005, 2009, 2010, 2011, 2012, 2013, 2014, 2016","Secchi, Temp, DO, pH, Alk, TP, TP_ugL, TN, Chla, Phaeo, CTI_TP, CTI_Chlorophyll, CTI_Secchi","11, 11, 11, 11, 11, 10, 10, 10, 10, 10, 10, 10, 11","3.15, 23.8, 9.8, 6.34, 14.1, 1.17, 36.24, 42.9, 7.79, 4.51, 55.92, 50.74, 43.47",2016,"Pond and Lake Stewards"
"BR-192-01","Little Cliff Pond",14,14,2,1.07,"2001, 2003, 2004, 2005, 2006, 2007, 2008, 2009, 2010, 2011, 2012, 2013, 2014, 2016","Secchi, Temp, DO, pH, Alk, TP, TP_ugL, TN, Chla, Phaeo, CTI_TP, CTI_Chlorophyll, CTI_Secchi","14, 14, 14, 14, 14, 14, 14, 14, 14, 14, 14, 14, 14","4.18, 23.7, 7.88, 5.95, 7.9, 0.46, 14.25, 27.94, 3.59, 1.88, 42.46, 43.14, 39.41",2016,"Pond and Lake Stewards"
"BR-194-01","Higgins Pond",14,14,2,1.07,"2001, 2003, 2004, 2005, 2006, 2007, 2008, 2009, 2010, 2011, 2012, 2013, 2014, 2016","Secchi, Temp, DO, pH, Alk, TP, TP_ugL, TN, Chla, Phaeo, CTI_TP, CTI_Chlorophyll, CTI_Secchi","14, 14, 14, 14, 14, 14, 14, 14, 14, 14, 14, 14, 14","6.4, 24.1, 8.49, 6.37, 7.1, 0.17, 5.27, 21.34, 1.14, 1.13, 28.12, 31.89, 33.25",2016,"Pond and Lake Stewards"
"BR-202-01","Eel Pond",6,6,1,1,"2004, 2005, 2006, 2007, 2008, 2009","Secchi, Temp, DO, pH, Alk, TP, TP_ugL, TN, Chla, Phaeo, CTI_TP, CTI_Chlorophyll, CTI_Secchi","5, 6, 6, 6, 6, 6, 6, 6, 6, 6, 6, 6, 5","NA, NA, NA, NA, NA, NA, NA, NA, NA, NA, NA, NA, NA",2009,"Pond and Lake Stewards"
"BR-205-01","Schoolhouse Pond",14,13,1,1,"2001, 2003, 2004, 2005, 2006, 2007, 2008, 2009, 2010, 2011, 2012, 2013, 2014, 2016","Secchi, Temp, DO, pH, Alk, TP, TP_ugL, TN, Chla, Phaeo, CTI_TP, CTI_Chlorophyll, CTI_Secchi","13, 13, 13, 13, 13, 14, 14, 14, 14, 14, 14, 14, 13","NA, NA, NA, NA, NA, 1.47, 45.53, 50.92, 20.99, 28.17, 59.21, 60.46, NA",2016,"Pond and Lake Stewards"
"BR-225-01","Smith Pond",11,11,1,1,"2001, 2003, 2004, 2008, 2009, 2010, 2011, 2012, 2013, 2014, 2016","Secchi, Temp, DO, pH, Alk, TP, TP_ugL, TN, Chla, Phaeo, CTI_TP, CTI_Chlorophyll, CTI_Secchi","11, 11, 11, 11, 11, 11, 11, 11, 11, 11, 11, 11, 11","2.35, 23.7, 6.47, 6.41, 9.9, 0.95, 29.43, 63.98, 13.16, 7.39, 52.92, 55.88, 47.69",2016,"Pond and Lake Stewards"
"BR-240-01","Sheep Pond",14,14,1,1,"2001, 2003, 2004, 2005, 2006, 2007, 2008, 2009, 2010, 2011, 2012, 2013, 2014, 2016","Secchi, Temp, DO, pH, Alk, TP, TP_ugL, TN, Chla, Phaeo, CTI_TP, CTI_Chlorophyll, CTI_Secchi","14, 14, 14, 14, 14, 14, 14, 14, 14, 14, 14, 14, 14","7, 24.1, 8.21, 6.4, 5.2, 0.32, 9.91, 22.88, 1.89, 0.73, 37.22, 36.84, 31.96",2016,"Pond and Lake Stewards"
"BR-245-01","Lower Mill Pond",14,13,1,1,"2001, 2003, 2004, 2005, 2006, 2007, 2008, 2009, 2010, 2011, 2012, 2013, 2014, 2016","Secchi, Temp, DO, pH, Alk, TP, TP_ugL, TN, Chla, Phaeo, CTI_TP, CTI_Chlorophyll, CTI_Secchi","13, 13, 13, 14, 14, 14, 14, 14, 14, 14, 14, 14, 13","1.15, 24, 6.6, 6.36, 10.1, 1.01, 31.28, 48.45, 21.1, 9.75, 53.8, 60.51, 57.99",2016,"Pond and Lake Stewards"
"BR-248-01","Griffiths Pond",14,13,1,1,"2001, 2003, 2004, 2005, 2006, 2007, 2008, 2009, 2010, 2011, 2012, 2013, 2014, 2016","Secchi, Temp, DO, pH, Alk, TP, TP_ugL, TN, Chla, Phaeo, CTI_TP, CTI_Chlorophyll, CTI_Secchi","14, 14, 14, 14, 14, 14, 14, 14, 14, 14, 14, 14, 14","2.35, 23.6, 8.36, 6.25, 3.5, 0.9, 27.88, 46.44, 17.08, 3.67, 52.14, 58.44, 47.69",2016,"Pond and Lake Stewards"
"BR-269-01","Canoe Pond",14,14,1,1,"2001, 2003, 2004, 2005, 2006, 2007, 2008, 2009, 2010, 2011, 2012, 2013, 2014, 2016","Secchi, Temp, DO, pH, Alk, TP, TP_ugL, TN, Chla, Phaeo, CTI_TP, CTI_Chlorophyll, CTI_Secchi","14, 14, 14, 14, 14, 14, 14, 14, 14, 14, 14, 14, 14","3.03, 22.8, 7.6, 6.95, 28.6, 0.6, 18.58, 42.3, 6.19, 5.77, 46.29, 48.48, 44.05",2016,"Pond and Lake Stewards"
"BR-272-01","Upper Mill Pond",14,13,1,1,"2001, 2003, 2004, 2005, 2006, 2007, 2008, 2009, 2010, 2011, 2012, 2013, 2014, 2016","Secchi, Temp, DO, pH, Alk, TP, TP_ugL, TN, Chla, Phaeo, CTI_TP, CTI_Chlorophyll, CTI_Secchi","14, 13, 13, 14, 14, 14, 14, 14, 14, 14, 14, 14, 14","1.73, 23.6, 7.81, 6.37, 8.5, 0.9, 27.88, 38.89, 12.33, 7.47, 52.14, 55.24, 52.1",2016,"Pond and Lake Stewards"
"BR-279-01","Long Pond",14,14,1,1,"2001, 2003, 2004, 2005, 2006, 2007, 2008, 2009, 2010, 2011, 2012, 2013, 2014, 2023","Secchi, Temp, DO, DO_sat, pH, Alk, TP, TP_ugL, TN, Chla, Phaeo, CTI_TP, CTI_Chlorophyll, CTI_Secchi, ATemp, NH4, NOX, DO_Final, DO_sat_Final, PO4, ORP, Sal, Cond","12, 14, 14, 1, 14, 14, 14, 13, 14, 14, 14, 13, 13, 11, 1, 1, 1, 1, 1, 1, 1, 1, 1","NA, NA, NA, NA, NA, NA, NA, NA, NA, NA, NA, NA, NA, NA, NA, NA, NA, NA, NA, NA, NA, NA, NA",2023,"Pond and Lake Stewards, Cape Cod Regional Pond Monitoring Program"
"BR-279-02","Long Pond",3,3,1,1,"2010, 2012, 2013","Secchi, Temp, DO, pH, Alk, TP, TP_ugL, TN, Chla, Phaeo, CTI_TP, CTI_Chlorophyll, CTI_Secchi","2, 3, 3, 1, 1, 1, 1, 1, 1, 1, 1, 1, 2","NA, NA, NA, NA, NA, NA, NA, NA, NA, NA, NA, NA, NA",2013,"Pond and Lake Stewards"
"BR-299-01","Cahoon Pond",13,12,1,1,"2001, 2003, 2004, 2005, 2007, 2008, 2009, 2010, 2011, 2012, 2013, 2014, 2016","Secchi, Temp, DO, pH, Alk, TP, TP_ugL, TN, Chla, Phaeo, CTI_TP, CTI_Chlorophyll, CTI_Secchi","13, 13, 13, 13, 13, 13, 13, 13, 13, 13, 13, 13, 13","4.05, 23.2, 6.84, 5.81, 2.6, 0.34, 10.53, 39.2, 1.1, 2.4, 38.1, 31.53, 39.84",2016,"Pond and Lake Stewards"
"BR-305-01","Greenland Pond",13,13,1,1,"2001, 2003, 2004, 2005, 2007, 2008, 2009, 2010, 2011, 2012, 2013, 2014, 2016","Secchi, Temp, DO, pH, Alk, TP, TP_ugL, TN, Chla, Phaeo, CTI_TP, CTI_Chlorophyll, CTI_Secchi","13, 13, 13, 13, 13, 13, 13, 13, 13, 12, 13, 13, 13","3.42, 25.1, 8.33, 6.18, 5.5, 0.43, 13.32, 39.51, 4.79, 2.73, 41.49, 45.97, 42.28",2016,"Pond and Lake Stewards"
"BR-313-01","Walkers Pond",14,10,1,1,"2001, 2003, 2004, 2005, 2006, 2007, 2008, 2009, 2010, 2011, 2012, 2013, 2014, 2016","Secchi, Temp, DO, pH, Alk, TP, TP_ugL, TN, Chla, Phaeo, CTI_TP, CTI_Chlorophyll, CTI_Secchi","14, 14, 14, 14, 14, 14, 14, 14, 14, 14, 14, 14, 14","0.52, 24, 9.23, 7.03, 10.5, 2.31, 71.55, 108.31, 90.57, 12.4, 65.73, 74.81, 69.56",2016,"Pond and Lake Stewards"
"BR-314-01","Smalls Pond",13,13,1,1,"2001, 2003, 2004, 2005, 2007, 2008, 2009, 2010, 2011, 2012, 2013, 2014, 2016","Secchi, Temp, DO, pH, Alk, TP, TP_ugL, TN, Chla, Phaeo, CTI_TP, CTI_Chlorophyll, CTI_Secchi","13, 13, 13, 13, 13, 12, 12, 12, 13, 13, 12, 13, 13","1.86, 23.6, 7.51, 6.89, 21.8, 0.71, 21.99, 45.06, 23.4, 2.3, 48.72, 61.53, 51.06",2016,"Pond and Lake Stewards"
"BR-316-01","Black Pond",12,12,1,1,"2001, 2003, 2004, 2005, 2007, 2008, 2009, 2011, 2012, 2013, 2014, 2016","Secchi, Temp, DO, pH, Alk, TP, TP_ugL, TN, Chla, Phaeo, CTI_TP, CTI_Chlorophyll, CTI_Secchi","11, 12, 12, 12, 12, 11, 11, 11, 12, 12, 11, 12, 11","2.49, 25, 7.3, 5.85, 2.7, 0.71, 21.99, 39.51, 12.16, 32.83, 48.72, 55.11, 46.85",2016,"Pond and Lake Stewards"
"BR-321-01","Slough Pond",14,14,2,1.07,"2001, 2003, 2004, 2005, 2006, 2008, 2009, 2010, 2011, 2012, 2013, 2014, 2016, 2023","Secchi, Temp, DO, DO_sat, pH, Alk, TP, TP_ugL, TN, Chla, Phaeo, CTI_TP, CTI_Chlorophyll, CTI_Secchi, ATemp, NH4, NOX, DO_Final, DO_sat_Final, PO4, ORP, Sal, Cond","14, 14, 14, 1, 14, 14, 14, 13, 14, 14, 14, 13, 13, 13, 1, 1, 1, 1, 1, 1, 1, 1, 1","4.15, 23.3, 7.6, NA, 6.14, 3, 0.32, 9.91, 29, 7.81, 4.2, 37.22, 50.76, 39.49, NA, NA, NA, NA, NA, NA, NA, NA, NA",2023,"Pond and Lake Stewards, Cape Cod Regional Pond Monitoring Program"
"BR-335-01","Pine Pond",14,14,1,1,"2001, 2003, 2004, 2005, 2006, 2007, 2008, 2009, 2010, 2011, 2012, 2013, 2014, 2016","Secchi, Temp, DO, pH, Alk, TP, TP_ugL, TN, Chla, Phaeo, CTI_TP, CTI_Chlorophyll, CTI_Secchi","14, 14, 14, 14, 14, 14, 14, 14, 14, 14, 14, 14, 14","5.2, 23.2, 8.4, 5.08, 0.6, 0.17, 5.27, 15.19, 0.75, 0.97, 28.12, 27.78, 36.24",2016,"Pond and Lake Stewards"
"BR-357-01","Elbow Pond",13,12,1,1,"2001, 2003, 2004, 2005, 2006, 2007, 2008, 2010, 2011, 2012, 2013, 2014, 2016","Secchi, Temp, DO, pH, Alk, TP, TP_ugL, TN, Chla, Phaeo, CTI_TP, CTI_Chlorophyll, CTI_Secchi","11, 11, 11, 12, 12, 13, 13, 13, 13, 13, 13, 13, 11","NA, NA, NA, NA, NA, 0.34, 10.53, 27.35, 1.29, 1.88, 38.1, 33.1, NA",2016,"Pond and Lake Stewards"
"BR-1028-01","Cliff Pond",14,14,2,1.07,"2001, 2003, 2004, 2005, 2006, 2007, 2008, 2009, 2010, 2011, 2012, 2013, 2014, 2016","Secchi, Temp, DO, pH, Alk, TP, TP_ugL, TN, Chla, Phaeo, CTI_TP, CTI_Chlorophyll, CTI_Secchi","14, 14, 14, 14, 14, 14, 14, 14, 14, 14, 14, 14, 14","3.22, 24.1, 9.02, 6.73, 8.1, 0.34, 10.53, 28.71, 3.86, 0.86, 38.1, 43.85, 43.17",2016,"Pond and Lake Stewards"
"CH-396-01","Stillwater Pond",9,8,1,1,"2001, 2003, 2004, 2005, 2006, 2007, 2008, 2013, 2016","Secchi, Temp, DO, pH, Alk, TP, TP_ugL, TN, Chla, Phaeo, CTI_TP, CTI_Chlorophyll, CTI_Secchi","8, 8, 8, 9, 9, 9, 9, 9, 9, 9, 9, 9, 8","5.32, 23.5, 8.41, 7.39, 33.6, 1.01, 31.28, 25.58, 1.77, 1.58, 53.8, 36.2, 35.91",2016,"Pond and Lake Stewards"
"CH-425-01","Trout Pond",7,7,1,1,"2001, 2003, 2004, 2005, 2006, 2007, 2008","Secchi, Temp, DO, pH, Alk, TP, TP_ugL, TN, Chla, Phaeo, CTI_TP, CTI_Chlorophyll, CTI_Secchi","7, 7, 7, 7, 7, 7, 7, 7, 7, 7, 7, 7, 7","NA, NA, NA, NA, NA, NA, NA, NA, NA, NA, NA, NA, NA",2008,"Pond and Lake Stewards"
"CH-428-01","Lovers Lake",9,8,1,1,"2001, 2003, 2004, 2005, 2006, 2007, 2008, 2013, 2016","Secchi, Temp, DO, pH, Alk, TP, TP_ugL, TN, Chla, Phaeo, CTI_TP, CTI_Chlorophyll, CTI_Secchi","8, 8, 8, 9, 9, 9, 9, 9, 9, 9, 9, 9, 8","4.82, 23.6, 8.68, 7.36, 36.7, 1.11, 34.38, 27.23, 5.86, 2.74, 55.16, 47.95, 37.35",2016,"Pond and Lake Stewards"
"CH-439-01","Minister Pond",7,7,1,1,"2003, 2004, 2005, 2006, 2007, 2008, 2016","Secchi, Temp, DO, pH, Alk, TP, TP_ugL, TN, Chla, Phaeo, CTI_TP, CTI_Chlorophyll, CTI_Secchi","7, 7, 7, 7, 7, 7, 7, 7, 7, 6, 7, 7, 7","2.08, 23.1, 7.95, 6.56, 15.6, 0.46, 14.25, 26.89, 5.7, 2.66, 42.46, 47.67, 49.48",2016,"Pond and Lake Stewards"
"CH-440-01","Mill Pond",8,8,1,1,"2001, 2003, 2004, 2005, 2006, 2007, 2008, 2016","Secchi, Temp, DO, pH, Alk, TP, TP_ugL, TN, Chla, Phaeo, CTI_TP, CTI_Chlorophyll, CTI_Secchi","8, 8, 8, 8, 8, 8, 8, 8, 8, 7, 8, 8, 8","3.05, 23, 6.15, 6.62, 25.6, 0.4, 12.39, 40.7, 2.35, 1.73, 40.44, 38.98, 43.93",2016,"Pond and Lake Stewards"
"CH-458-01","Goose Pond",9,9,2,1.11,"2001, 2003, 2004, 2005, 2006, 2007, 2008, 2016, 2023","Secchi, Temp, DO, DO_sat, pH, Alk, TP, TP_ugL, TN, Chla, Phaeo, CTI_TP, CTI_Chlorophyll, CTI_Secchi, ATemp, NH4, NOX, DO_Final, DO_sat_Final, PO4, ORP, Sal, Cond","9, 9, 9, 1, 9, 9, 9, 8, 9, 9, 9, 8, 8, 8, 1, 1, 1, 1, 1, 1, 1, 1, 1","5.3, 23.5, 8.16, NA, 6.21, 3.6, 0.87, 26.95, 18.9, 1.14, 0.81, 51.65, 31.89, 35.97, NA, NA, NA, NA, NA, NA, NA, NA, NA",2023,"Pond and Lake Stewards, Cape Cod Regional Pond Monitoring Program"
"CH-463-01","Schoolhouse Pond",8,8,1,1,"2001, 2003, 2004, 2005, 2006, 2007, 2008, 2016","Secchi, Temp, DO, pH, Alk, TP, TP_ugL, TN, Chla, Phaeo, CTI_TP, CTI_Chlorophyll, CTI_Secchi","8, 8, 8, 8, 8, 8, 8, 8, 8, 8, 8, 8, 8","7.97, 23.6, 7.96, 6.4, 5.7, 0.32, 9.91, 23.93, 1.17, 1.29, 37.22, 32.14, 30.09",2016,"Pond and Lake Stewards"
"CH-479-01","Barclay Pond",8,8,1,1,"2001, 2003, 2004, 2005, 2006, 2007, 2008, 2023","Secchi, Temp, DO, DO_sat, pH, Alk, TP, TP_ugL, TN, Chla, Phaeo, CTI_TP, CTI_Chlorophyll, CTI_Secchi, ATemp, NH4, NOX, DO_Final, DO_sat_Final, PO4, ORP, Sal, Cond","8, 8, 8, 1, 8, 8, 8, 7, 8, 8, 8, 7, 7, 7, 1, 1, 1, 1, 1, 1, 1, 1, 1","NA, NA, NA, NA, NA, NA, NA, NA, NA, NA, NA, NA, NA, NA, NA, NA, NA, NA, NA, NA, NA, NA, NA",2023,"Pond and Lake Stewards, Cape Cod Regional Pond Monitoring Program"
"CH-481-01","Ryders Pond",8,8,1,1,"2001, 2003, 2004, 2005, 2006, 2007, 2008, 2016","Secchi, Temp, DO, pH, Alk, TP, TP_ugL, TN, Chla, Phaeo, CTI_TP, CTI_Chlorophyll, CTI_Secchi","8, 8, 8, 8, 8, 8, 8, 8, 8, 8, 8, 8, 8","2.3, 23.3, 6.86, 6.1, 5.8, 0.37, 11.46, 42.46, 4.56, 2.15, 39.32, 45.48, 48",2016,"Pond and Lake Stewards"
"CH-484-01","Marys Pond",6,6,1,1,"2001, 2003, 2005, 2006, 2007, 2008","Secchi, Temp, DO, pH, Alk, TP, TP_ugL, TN, Chla, Phaeo, CTI_TP, CTI_Chlorophyll, CTI_Secchi","6, 6, 6, 6, 6, 6, 6, 6, 6, 6, 6, 6, 6","NA, NA, NA, NA, NA, NA, NA, NA, NA, NA, NA, NA, NA",2008,"Pond and Lake Stewards"
"CH-491-01","Emery Pond",8,8,1,1,"2001, 2003, 2004, 2005, 2006, 2007, 2008, 2016","Secchi, Temp, DO, pH, Alk, TP, TP_ugL, TN, Chla, Phaeo, CTI_TP, CTI_Chlorophyll, CTI_Secchi","8, 8, 8, 8, 8, 8, 8, 8, 8, 7, 8, 8, 8","NA, NA, NA, NA, NA, NA, NA, NA, NA, NA, NA, NA, NA",2016,"Pond and Lake Stewards"
"CH-516-01","White Pond",8,8,1,1,"2001, 2003, 2004, 2005, 2006, 2007, 2008, 2016","Secchi, Temp, DO, pH, Alk, TP, TP_ugL, TN, Chla, Phaeo, CTI_TP, CTI_Chlorophyll, CTI_Secchi","8, 8, 8, 8, 8, 8, 8, 8, 8, 8, 8, 8, 8","NA, NA, NA, NA, NA, NA, NA, NA, NA, NA, NA, NA, NA",2016,"Pond and Lake Stewards"
"CH-522-01","Newty Pond",1,1,1,1,"2001","Secchi, Temp, DO, pH, Alk, TP, TP_ugL, TN, Chla, Phaeo, CTI_TP, CTI_Chlorophyll, CTI_Secchi","1, 1, 1, 1, 1, 1, 1, 1, 1, 1, 1, 1, 1","NA, NA, NA, NA, NA, NA, NA, NA, NA, NA, NA, NA, NA",2001,"Pond and Lake Stewards"
"CH-524-01","Black Pond",7,7,1,1,"2001, 2003, 2004, 2005, 2006, 2007, 2008","Secchi, Temp, DO, pH, Alk, TP, TP_ugL, TN, Chla, Phaeo, CTI_TP, CTI_Chlorophyll, CTI_Secchi","7, 7, 7, 7, 7, 7, 7, 7, 7, 6, 7, 7, 7","NA, NA, NA, NA, NA, NA, NA, NA, NA, NA, NA, NA, NA",2008,"Pond and Lake Stewards"
"CH-543-01","Blue Pond",6,6,1,1,"2001, 2003, 2005, 2006, 2007, 2008","Secchi, Temp, DO, pH, Alk, TP, TP_ugL, TN, Chla, Phaeo, CTI_TP, CTI_Chlorophyll, CTI_Secchi","6, 6, 6, 6, 6, 6, 6, 6, 6, 6, 6, 6, 6","NA, NA, NA, NA, NA, NA, NA, NA, NA, NA, NA, NA, NA",2008,"Pond and Lake Stewards"
"CH-550-01","Black Pond",6,6,1,1,"2001, 2003, 2005, 2006, 2007, 2008","Secchi, Temp, DO, pH, Alk, TP, TP_ugL, TN, Chla, Phaeo, CTI_TP, CTI_Chlorophyll, CTI_Secchi","6, 6, 6, 6, 6, 6, 6, 6, 6, 6, 6, 6, 6","NA, NA, NA, NA, NA, NA, NA, NA, NA, NA, NA, NA, NA",2008,"Pond and Lake Stewards"
"CH-582-01","Meadow View Pond",2,2,1,1,"2003, 2005","Secchi, Temp, DO, pH, Alk, TP, TP_ugL, TN, Chla, Phaeo, CTI_TP, CTI_Chlorophyll, CTI_Secchi","2, 2, 2, 2, 2, 2, 2, 2, 2, 2, 2, 2, 2","NA, NA, NA, NA, NA, NA, NA, NA, NA, NA, NA, NA, NA",2005,"Pond and Lake Stewards"
"DE-201-01","Coles Pond",15,5,2,1.2,"2001, 2003, 2004, 2005, 2006, 2007, 2009, 2010, 2011, 2012, 2013, 2014, 2015, 2016, 2023","Secchi, Temp, DO, DO_sat, pH, Alk, TP, TP_ugL, TN, Chla, Phaeo, CTI_TP, CTI_Chlorophyll, CTI_Secchi, ATemp, NH4, NOX, DO_Final, DO_sat_Final, PO4, ORP, Sal, Cond","14, 15, 15, 1, 15, 14, 15, 14, 15, 15, 14, 14, 14, 13, 1, 1, 1, 1, 1, 1, 1, 1, 1","NA, 23.2, 7.04, NA, 4.97, 0.6, 0.34, 10.53, 32.31, 5.66, 0.72, 38.1, 47.6, NA, NA, NA, NA, NA, NA, NA, NA, NA, NA",2023,"Pond and Lake Stewards, Cape Cod Regional Pond Monitoring Program"
"DE-236-01","Scargo Lake",17,17,2,1.18,"2001, 2003, 2004, 2005, 2006, 2007, 2009, 2010, 2011, 2012, 2013, 2014, 2015, 2016, 2017, 2018, 2023","Secchi, Temp, DO, DO_sat, pH, Alk, TP, TP_ugL, TN, Chla, Phaeo, CTI_TP, CTI_Chlorophyll, CTI_Secchi, ATemp, NH4, NOX, DO_Final, DO_sat_Final, PO4, ORP, Sal, Cond","17, 17, 17, 1, 17, 17, 17, 16, 16, 17, 16, 16, 16, 16, 1, 1, 1, 1, 1, 1, 1, 1, 1","2.68, 26.07, 7.95, NA, 7.05, 18.8, 0.36, 11.25, 31.7, 4.58, 1.6, 38.58, 44.24, 46.28, NA, NA, NA, NA, NA, NA, NA, NA, NA",2023,"Pond and Lake Stewards, Cape Cod Regional Pond Monitoring Program"
"DE-281-01","Cedar Pond",13,13,2,1.23,"2001, 2003, 2004, 2005, 2006, 2007, 2009, 2010, 2011, 2012, 2013, 2014, 2015","Secchi, Temp, DO, pH, Alk, TP, TP_ugL, TN, Chla, Phaeo, CTI_TP, CTI_Chlorophyll, CTI_Secchi","13, 13, 13, 13, 13, 13, 13, 13, 13, 13, 13, 13, 13","NA, NA, NA, NA, NA, NA, NA, NA, NA, NA, NA, NA, NA",2015,"Pond and Lake Stewards"
"DE-325-01","Northern Simmons Pond",14,13,2,1.21,"2001, 2003, 2004, 2005, 2006, 2007, 2009, 2010, 2011, 2012, 2013, 2014, 2015, 2016","Secchi, Temp, DO, pH, Alk, TP, TP_ugL, TN, Chla, Phaeo, CTI_TP, CTI_Chlorophyll, CTI_Secchi","13, 13, 13, 14, 14, 14, 14, 14, 14, 14, 14, 14, 13","NA, NA, NA, NA, NA, NA, NA, NA, NA, NA, NA, NA, NA",2016,"Pond and Lake Stewards"
"DE-342-01","Bakers Pond",15,15,2,1.2,"2001, 2003, 2004, 2005, 2006, 2007, 2009, 2010, 2011, 2012, 2013, 2014, 2015, 2017, 2018","Secchi, Temp, DO, pH, Alk, TP, TP_ugL, TN, Chla, Phaeo, CTI_TP, CTI_Chlorophyll, CTI_Secchi","15, 15, 15, 15, 15, 15, 15, 15, 15, 15, 15, 15, 15","4.05, 25.65, 7.05, 6.22, 6.7, 0.34, 10.53, 28.49, 1.6, 1.85, 38.07, 35.08, 39.84",2018,"Pond and Lake Stewards"
"DE-348-01","Run Pond",15,14,2,1.2,"2001, 2003, 2004, 2005, 2006, 2007, 2009, 2010, 2011, 2012, 2013, 2014, 2015, 2016, 2018","Secchi, Temp, DO, pH, Alk, TP, TP_ugL, TN, Chla, Phaeo, CTI_TP, CTI_Chlorophyll, CTI_Secchi","14, 14, 14, 15, 14, 15, 15, 15, 15, 15, 15, 15, 14","1, 28.6, 6.5, 5.23, 3.8, 1.13, 35, 58.84, 14.4, 1.66, 55.42, 56.77, 60",2018,"Pond and Lake Stewards"
"DE-355-01","Flax Pond",17,17,2,1.18,"2001, 2003, 2004, 2005, 2006, 2007, 2009, 2010, 2011, 2012, 2013, 2014, 2015, 2016, 2017, 2018, 2023","Secchi, Temp, DO, DO_sat, pH, Alk, TP, TP_ugL, TN, Chla, Phaeo, CTI_TP, CTI_Chlorophyll, CTI_Secchi, ATemp, NH4, NOX, DO_Final, DO_sat_Final, PO4, ORP, Sal, Cond","17, 17, 17, 1, 17, 15, 17, 16, 17, 17, 17, 16, 16, 16, 1, 1, 1, 1, 1, 1, 1, 1, 1","3.63, 25.8, 6.86, NA, 5.26, 0.93, 0.35, 10.94, 22.17, 2.65, 3.29, 38.61, 38.3, 41.54, NA, NA, NA, NA, NA, NA, NA, NA, NA",2023,"Pond and Lake Stewards, Cape Cod Regional Pond Monitoring Program"
"DE-447-01","Eagle Pond",15,15,2,1.13,"2001, 2003, 2004, 2005, 2006, 2007, 2009, 2010, 2011, 2012, 2013, 2014, 2015, 2016, 2018","Secchi, Temp, DO, pH, Alk, TP, TP_ugL, TN, Chla, Phaeo, CTI_TP, CTI_Chlorophyll, CTI_Secchi","15, 15, 15, 15, 15, 15, 15, 15, 15, 15, 15, 15, 15","3.5, 25.7, 7.06, 6.31, 4.7, 0.32, 9.75, 23.24, 2.98, 0.96, 36.95, 37.94, 41.95",2018,"Pond and Lake Stewards"
"DE-597-01","Fresh Pond",14,14,2,1.21,"2001, 2003, 2004, 2005, 2006, 2007, 2009, 2010, 2011, 2012, 2013, 2014, 2015, 2016","Secchi, Temp, DO, pH, Alk, TP, TP_ugL, TN, Chla, Phaeo, CTI_TP, CTI_Chlorophyll, CTI_Secchi","14, 14, 14, 14, 6, 13, 13, 14, 14, 14, 13, 14, 14","0.5, 25.1, 5.5, 4.17, 0.25, 0.6, 18.58, 55.51, 12.33, 6.89, 46.29, 55.24, 69.99",2016,"Pond and Lake Stewards"
"EA-91-01","Molls Pond",15,15,1,1,"2001, 2003, 2004, 2005, 2006, 2007, 2008, 2009, 2010, 2011, 2012, 2013, 2014, 2016, 2017","Secchi, Temp, DO, pH, Alk, TP, TP_ugL, TN, Chla, Phaeo, CTI_TP, CTI_Chlorophyll, CTI_Secchi","15, 15, 15, 15, 15, 15, 15, 15, 15, 15, 15, 15, 15","1.45, 23.4, 8.48, 6.38, 5, 0.88, 27.1, 60.4, 11.02, 15.73, 51.47, 54.08, 55.76",2017,"Pond and Lake Stewards"
"EA-92-01","Ministers Pond",16,16,2,1.06,"2001, 2003, 2004, 2005, 2006, 2007, 2008, 2009, 2010, 2011, 2012, 2013, 2014, 2016, 2017, 2023","Secchi, Temp, DO, DO_sat, pH, Alk, TP, TP_ugL, TN, Chla, Phaeo, CTI_TP, CTI_Chlorophyll, CTI_Secchi, ATemp, NH4, NOX, DO_Final, DO_sat_Final, PO4, ORP, Sal, Cond","16, 16, 16, 1, 16, 16, 16, 15, 16, 16, 16, 15, 15, 15, 1, 1, 1, 1, 1, 1, 1, 1, 1","2.2, 22.5, 6.23, NA, 6.4, 16.2, 0.75, 23.23, 60.49, 5.01, 10.07, 48.8, 45.21, 49.3, NA, NA, NA, NA, NA, NA, NA, NA, NA",2023,"Pond and Lake Stewards, Cape Cod Regional Pond Monitoring Program"
"EA-93-01","School House Pond",13,13,2,1.08,"2003, 2004, 2005, 2006, 2007, 2008, 2009, 2010, 2011, 2012, 2013, 2014, 2016","Secchi, Temp, DO, pH, Alk, TP, TP_ugL, TN, Chla, Phaeo, CTI_TP, CTI_Chlorophyll, CTI_Secchi","13, 13, 13, 13, 13, 13, 13, 13, 13, 13, 13, 13, 13","1.95, 23.6, 6.5, 6.5, 13.6, 0.71, 21.99, 43.89, 8.65, 4.26, 48.72, 51.77, 50.38",2016,"Pond and Lake Stewards"
"EA-95-01","Great Pond",15,15,2,1.13,"2001, 2003, 2004, 2005, 2006, 2007, 2008, 2009, 2010, 2011, 2012, 2013, 2014, 2016, 2017","Secchi, Temp, DO, pH, Alk, TP, TP_ugL, TN, Chla, Phaeo, CTI_TP, CTI_Chlorophyll, CTI_Secchi","15, 15, 15, 15, 15, 15, 15, 15, 15, 15, 15, 15, 15","3.05, 22.52, 7.62, 7, 24.52, 0.48, 14.79, 34.59, 4.6, 2.24, 42.97, 45.56, 44.73",2017,"Pond and Lake Stewards"
"EA-96-01","Depot Pond",1,1,1,1,"2017","Secchi, Temp, DO, pH, Alk, TP, TP_ugL, TN, Chla, Phaeo, CTI_TP, CTI_Chlorophyll, CTI_Secchi","1, 1, 1, 1, 1, 1, 1, 1, 1, 1, 1, 1, 1","4.3, 22, 7.66, 6.34, 6.3, 0.32, 9.91, 43.9, 2.67, 4.24, 37.22, 40.23, 38.98",2017,"Pond and Lake Stewards"
"EA-97-01","Deborahs Pond",1,1,1,1,"2001","Secchi, Temp, DO, pH, Alk, TP, TP_ugL, TN, Chla, Phaeo, CTI_TP, CTI_Chlorophyll, CTI_Secchi","1, 1, 1, 1, 1, 1, 1, 1, 1, 1, 1, 1, 1","NA, NA, NA, NA, NA, NA, NA, NA, NA, NA, NA, NA, NA",2001,"Pond and Lake Stewards"
"EA-98-01","Bridge Pond",12,11,1,1,"2001, 2003, 2007, 2008, 2009, 2010, 2011, 2012, 2014, 2016, 2017, 2023","Secchi, Temp, DO, DO_sat, pH, Alk, TP, TP_ugL, TN, Chla, Phaeo, CTI_TP, CTI_Chlorophyll, CTI_Secchi, ATemp, NH4, NOX, DO_Final, DO_sat_Final, PO4, ORP, Sal, Cond","12, 12, 12, 1, 12, 12, 12, 11, 11, 12, 12, 11, 11, 11, 1, 1, 1, 1, 1, 1, 1, 1, 1","3.04, 22.65, 7.2, NA, 6.62, 24.6, 0.44, 13.78, 50.04, 5.23, 5.02, 40.76, 45.69, 44.63, NA, NA, NA, NA, NA, NA, NA, NA, NA",2023,"Pond and Lake Stewards, Cape Cod Regional Pond Monitoring Program"
"EA-99-01","Little Depot Pond",15,15,1,1,"2001, 2003, 2004, 2005, 2006, 2007, 2008, 2009, 2010, 2011, 2012, 2013, 2014, 2016, 2017","Secchi, Temp, DO, pH, Alk, TP, TP_ugL, TN, Chla, Phaeo, CTI_TP, CTI_Chlorophyll, CTI_Secchi","15, 15, 15, 15, 15, 15, 15, 14, 15, 15, 15, 15, 15","1.6, 22.7, 7.93, 6.44, 7.35, 1.47, 45.53, 67.11, 42.06, 3.69, 53.77, 62.76, 53.25",2017,"Pond and Lake Stewards"
"EA-100-01","Jemima Pond",13,13,1,1,"2001, 2003, 2004, 2005, 2006, 2007, 2008, 2009, 2010, 2011, 2012, 2013, 2017","Secchi, Temp, DO, pH, Alk, TP, TP_ugL, TN, Chla, Phaeo, CTI_TP, CTI_Chlorophyll, CTI_Secchi","13, 13, 13, 13, 13, 13, 13, 13, 13, 13, 13, 13, 13","3.3, 22.2, 8.22, 6.25, 4.9, 0.65, 20.13, 86.84, 4.46, 2.98, 47.44, 45.27, 42.8",2017,"Pond and Lake Stewards"
"EA-101-01","Widow Harding Pond",15,13,1,1,"2001, 2003, 2004, 2005, 2006, 2007, 2008, 2009, 2010, 2011, 2012, 2013, 2014, 2016, 2017","Secchi, Temp, DO, pH, Alk, TP, TP_ugL, TN, Chla, Phaeo, CTI_TP, CTI_Chlorophyll, CTI_Secchi","15, 13, 13, 15, 15, 15, 15, 14, 15, 15, 15, 15, 15","3.2, 23.3, 6.56, 6.36, 6, 0.23, 7.12, 36.24, 1.87, 2.12, 32.46, 36.74, 43.24",2017,"Pond and Lake Stewards"
"EA-102-01","Muddy Pond",13,2,1,1,"2001, 2003, 2004, 2005, 2006, 2007, 2008, 2009, 2010, 2011, 2012, 2013, 2014","Secchi, Temp, DO, pH, Alk, TP, TP_ugL, TN, Chla, Phaeo, CTI_TP, CTI_Chlorophyll, CTI_Secchi","12, 12, 13, 13, 13, 13, 13, 12, 13, 13, 13, 13, 12","NA, NA, NA, NA, NA, NA, NA, NA, NA, NA, NA, NA, NA",2014,"Pond and Lake Stewards"
"EA-103-01","Herring Pond",16,16,2,1.06,"2001, 2003, 2004, 2005, 2006, 2007, 2008, 2009, 2010, 2011, 2012, 2013, 2014, 2016, 2017, 2023","Secchi, Temp, DO, DO_sat, pH, Alk, TP, TP_ugL, TN, Chla, Phaeo, CTI_TP, CTI_Chlorophyll, CTI_Secchi, ATemp, NH4, NOX, DO_Final, DO_sat_Final, PO4, ORP, Sal, Cond","16, 16, 16, 1, 16, 16, 16, 15, 16, 16, 16, 15, 15, 15, 1, 1, 1, 1, 1, 1, 1, 1, 1","4.42, 22.65, 8.35, NA, 7.79, 60.15, 0.38, 11.77, 46.91, 3.1, 0.96, 39.66, 40.66, 38.58, NA, NA, NA, NA, NA, NA, NA, NA, NA",2023,"Pond and Lake Stewards, Cape Cod Regional Pond Monitoring Program"
"FA-761-01","Cedar Lake",5,5,1,1,"2001, 2004, 2005, 2006, 2007","Secchi, Temp, DO, pH, Alk, TP, TP_ugL, TN, Chla, Phaeo, CTI_TP, CTI_Chlorophyll, CTI_Secchi","5, 5, 5, 5, 5, 5, 5, 5, 5, 5, 5, 5, 5","NA, NA, NA, NA, NA, NA, NA, NA, NA, NA, NA, NA, NA",2007,"Pond and Lake Stewards"
"FA-780-01","Trout Pond",5,2,1,1,"2001, 2004, 2005, 2006, 2007","Secchi, Temp, DO, pH, Alk, TP, TP_ugL, TN, Chla, Phaeo, CTI_TP, CTI_Chlorophyll, CTI_Secchi","5, 5, 5, 5, 5, 5, 5, 5, 5, 5, 5, 5, 5","NA, NA, NA, NA, NA, NA, NA, NA, NA, NA, NA, NA, NA",2007,"Pond and Lake Stewards"
"FA-832-01","Dam Pond",2,2,1,1,"2004, 2005","Secchi, Temp, DO, pH, Alk, TP, TP_ugL, TN, Chla, Phaeo, CTI_TP, CTI_Chlorophyll, CTI_Secchi","2, 2, 2, 2, 2, 2, 2, 2, 2, 2, 2, 2, 2","NA, NA, NA, NA, NA, NA, NA, NA, NA, NA, NA, NA, NA",2005,"Pond and Lake Stewards"
"FA-844-01","Potters Hole",1,0,1,1,"2001","Secchi, Temp, DO, pH, Alk, TP, TP_ugL, TN, Chla, Phaeo, CTI_TP, CTI_Chlorophyll, CTI_Secchi","1, 1, 1, 1, 1, 1, 1, 1, 1, 1, 1, 1, 1","NA, NA, NA, NA, NA, NA, NA, NA, NA, NA, NA, NA, NA",2001,"Pond and Lake Stewards"
"FA-845-01","Wing Pond",1,1,2,2,"2023","Secchi, Temp, DO, DO_sat, pH, Alk, TP, TN, Chla, Phaeo, ATemp, NH4, NOX, DO_Final, DO_sat_Final, PO4, ORP, Sal, Cond","1, 1, 1, 1, 1, 1, 1, 1, 1, 1, 1, 1, 1, 1, 1, 1, 1, 1, 1","NA, NA, NA, NA, NA, NA, NA, NA, NA, NA, NA, NA, NA, NA, NA, NA, NA, NA, NA",2023,"Cape Cod Regional Pond Monitoring Program"
"FA-855-01","Coonamessett Pond",1,1,1,1,"2008","Secchi, Temp, DO, pH, Alk, TP, TP_ugL, TN, Chla, Phaeo, CTI_TP, CTI_Chlorophyll, CTI_Secchi","1, 1, 1, 1, 1, 1, 1, 1, 1, 1, 1, 1, 1","NA, NA, NA, NA, NA, NA, NA, NA, NA, NA, NA, NA, NA",2008,"Pond and Lake Stewards"
"FA-857-01","Deep Pond",1,1,1,1,"2001","Secchi, Temp, DO, pH, Alk, TP, TP_ugL, TN, Chla, Phaeo, CTI_TP, CTI_Chlorophyll, CTI_Secchi","1, 1, 1, 1, 1, 1, 1, 1, 1, 1, 1, 1, 1","NA, NA, NA, NA, NA, NA, NA, NA, NA, NA, NA, NA, NA",2001,"Pond and Lake Stewards"
"FA-882-01","Round Pond",2,2,1,1,"2003, 2008","Secchi, Temp, DO, pH, Alk, TP, TP_ugL, TN, Chla, Phaeo, CTI_TP, CTI_Chlorophyll, CTI_Secchi","2, 2, 2, 2, 2, 2, 2, 2, 2, 2, 2, 2, 2","NA, NA, NA, NA, NA, NA, NA, NA, NA, NA, NA, NA, NA",2008,"Pond and Lake Stewards"
"FA-888-01","Pickerel Pond",2,1,1,1,"2008, 2023","Secchi, Temp, DO, DO_sat, pH, Alk, TP, TP_ugL, TN, Chla, Phaeo, CTI_TP, CTI_Chlorophyll, CTI_Secchi, ATemp, NH4, NOX, DO_Final, DO_sat_Final, PO4, ORP, Sal, Cond","2, 2, 2, 1, 2, 2, 2, 1, 2, 2, 2, 1, 1, 1, 1, 1, 1, 1, 1, 1, 1, 1, 1","NA, NA, NA, NA, NA, NA, NA, NA, NA, NA, NA, NA, NA, NA, NA, NA, NA, NA, NA, NA, NA, NA, NA",2023,"Pond and Lake Stewards, Cape Cod Regional Pond Monitoring Program"
"FA-893-01","Crocker Pond",7,7,1,1,"2001, 2004, 2005, 2006, 2007, 2013, 2014","Secchi, Temp, DO, pH, Alk, TP, TP_ugL, TN, Chla, Phaeo, CTI_TP, CTI_Chlorophyll, CTI_Secchi","7, 7, 7, 7, 7, 7, 7, 7, 7, 7, 7, 7, 7","NA, NA, NA, NA, NA, NA, NA, NA, NA, NA, NA, NA, NA",2014,"Pond and Lake Stewards"
"FA-918-01","Jenkins Pond",1,1,1,1,"2023","Secchi, Temp, DO, DO_sat, pH, Alk, TP, TN, Chla, Phaeo, ATemp, NH4, NOX, DO_Final, DO_sat_Final, PO4, ORP, Sal, Cond","1, 1, 1, 1, 1, 1, 1, 1, 1, 1, 1, 1, 1, 1, 1, 1, 1, 1, 1","NA, NA, NA, NA, NA, NA, NA, NA, NA, NA, NA, NA, NA, NA, NA, NA, NA, NA, NA",2023,"Cape Cod Regional Pond Monitoring Program"
"FA-927-01","Oyster Pond",1,1,1,1,"2001","Secchi, Temp, DO, pH, Alk, TP, TP_ugL, TN, Chla, Phaeo, CTI_TP, CTI_Chlorophyll, CTI_Secchi","1, 1, 1, 1, 1, 1, 1, 1, 1, 1, 1, 1, 1","NA, NA, NA, NA, NA, NA, NA, NA, NA, NA, NA, NA, NA",2001,"Pond and Lake Stewards"
"FA-933-01","Fresh Pond",2,2,1,1,"2001, 2005","Secchi, Temp, DO, pH, Alk, TP, TP_ugL, TN, Chla, Phaeo, CTI_TP, CTI_Chlorophyll, CTI_Secchi","2, 2, 2, 2, 2, 2, 2, 2, 2, 2, 2, 2, 2","NA, NA, NA, NA, NA, NA, NA, NA, NA, NA, NA, NA, NA",2005,"Pond and Lake Stewards"
"FA-993-01","Miles Pond",1,1,1,1,"2005","Secchi, Temp, DO, pH, Alk, TP, TP_ugL, TN, Chla, Phaeo, CTI_TP, CTI_Chlorophyll, CTI_Secchi","1, 1, 1, 1, 1, 1, 1, 1, 1, 1, 1, 1, 1","NA, NA, NA, NA, NA, NA, NA, NA, NA, NA, NA, NA, NA",2005,"Pond and Lake Stewards"
"FA-996-01","Shivericks Pond",1,1,1,1,"2023","Secchi, Temp, DO, DO_sat, pH, Alk, TP, TN, Chla, Phaeo, ATemp, NH4, NOX, DO_Final, DO_sat_Final, PO4, ORP, Sal, Cond","1, 1, 1, 1, 1, 1, 1, 1, 1, 1, 1, 1, 1, 1, 1, 1, 1, 1, 1","NA, NA, NA, NA, NA, NA, NA, NA, NA, NA, NA, NA, NA, NA, NA, NA, NA, NA, NA",2023,"Cape Cod Regional Pond Monitoring Program"
"HA-306-01","Seymour Pond",14,14,2,1.07,"2001, 2003, 2004, 2005, 2006, 2007, 2008, 2009, 2010, 2011, 2012, 2013, 2014, 2016","Secchi, Temp, DO, pH, Alk, TP, TP_ugL, TN, Chla, Phaeo, CTI_TP, CTI_Chlorophyll, CTI_Secchi","14, 14, 14, 14, 14, 14, 14, 14, 14, 14, 14, 14, 14","5.55, 23.7, 8.13, 6.4, 5.6, 0.57, 17.66, 28.71, 3.48, 1, 45.55, 42.83, 35.3",2016,"Pond and Lake Stewards"
"HA-353-01","Hinckleys Pond",14,14,5,2,"2001, 2003, 2004, 2005, 2006, 2007, 2008, 2009, 2012, 2015, 2016, 2017, 2018, 2019","Secchi, Temp, DO, DO_sat, pH, Alk, TP, TP_ugL, TN, Chla, Phaeo, CTI_TP, CTI_Chlorophyll, CTI_Secchi","14, 14, 14, 4, 14, 14, 14, 14, 14, 14, 14, 13, 14, 14","1.63, 24.74, 7.6, 91.35, 6.72, 11.55, 1.02, 31.52, 26.97, 19.04, 3.78, 53.82, 55.57, 53.07",2019,"Pond and Lake Stewards"
"HA-354-01","Hawksnest Pond",11,11,4,1.36,"2001, 2003, 2004, 2005, 2006, 2007, 2008, 2009, 2012, 2019, 2023","Secchi, Temp, DO, DO_sat, pH, Alk, TP, TP_ugL, TN, Chla, Phaeo, CTI_TP, CTI_Chlorophyll, CTI_Secchi, ATemp, NH4, NOX, DO_Final, DO_sat_Final, PO4, ORP, Sal, Cond","11, 11, 11, 2, 11, 10, 11, 10, 11, 11, 11, 10, 10, 10, 1, 1, 1, 1, 1, 1, 1, 1, 1","5.57, 26.75, 6.85, 85.5, 5.32, 1.1, 0.34, 10.53, 9.43, 1.58, 1, 38.07, 35.06, 35.26, NA, NA, NA, NA, NA, NA, NA, NA, NA",2023,"Pond and Lake Stewards, Cape Cod Regional Pond Monitoring Program"
"HA-358-01","Walkers Pond",12,12,5,1.67,"2001, 2003, 2004, 2005, 2006, 2007, 2008, 2009, 2012, 2015, 2016, 2023","Secchi, Temp, DO, DO_sat, pH, Alk, TP, TP_ugL, TN, Chla, Phaeo, CTI_TP, CTI_Chlorophyll, CTI_Secchi, ATemp, NH4, NOX, DO_Final, DO_sat_Final, PO4, ORP, Sal, Cond","12, 12, 12, 3, 12, 12, 12, 11, 12, 12, 12, 11, 11, 11, 1, 1, 1, 1, 1, 1, 1, 1, 1","3.12, 24.93, 6.87, 82.67, 5.94, 3.7, 1.27, 39.34, 31.54, 4.96, 4.4, 56.76, 46.17, 43.73, NA, NA, NA, NA, NA, NA, NA, NA, NA",2023,"Pond and Lake Stewards, Cape Cod Regional Pond Monitoring Program"
"HA-376-01","Aunt Edies Pond",14,1,5,2.07,"2001, 2003, 2004, 2005, 2006, 2007, 2008, 2009, 2012, 2015, 2016, 2017, 2018, 2019","Secchi, Temp, DO, DO_sat, pH, Alk, TP, TP_ugL, TN, Chla, Phaeo, CTI_TP, CTI_Chlorophyll, CTI_Secchi","14, 14, 14, 4, 14, 14, 14, 13, 14, 13, 13, 14, 13, 14","2.03, 25.27, 7.08, 85.25, 5.34, 1.48, 0.65, 20.09, 31.39, 6.78, 1.25, 46.72, 46.92, 49.84",2019,"Pond and Lake Stewards"
"HA-381-01","Cornelius Pond",8,5,1,1,"2001, 2003, 2004, 2005, 2006, 2007, 2008, 2023","Secchi, Temp, DO, DO_sat, pH, Alk, TP, TP_ugL, TN, Chla, Phaeo, CTI_TP, CTI_Chlorophyll, CTI_Secchi, ATemp, NH4, NOX, DO_Final, DO_sat_Final, PO4, ORP, Sal, Cond","8, 8, 8, 1, 7, 7, 7, 6, 6, 7, 7, 6, 6, 7, 1, 1, 1, 1, 1, 1, 1, 1, 1","NA, NA, NA, NA, NA, NA, NA, NA, NA, NA, NA, NA, NA, NA, NA, NA, NA, NA, NA, NA, NA, NA, NA",2023,"Pond and Lake Stewards, Cape Cod Regional Pond Monitoring Program"
"HA-386-01","Robbins Pond",13,10,5,1.85,"2001, 2003, 2004, 2005, 2006, 2007, 2008, 2009, 2012, 2015, 2016, 2017, 2018","Secchi, Temp, DO, DO_sat, pH, Alk, TP, TP_ugL, TN, Chla, Phaeo, CTI_TP, CTI_Chlorophyll, CTI_Secchi","13, 13, 12, 3, 13, 13, 13, 13, 13, 13, 13, 13, 13, 13","2.52, 23.76, 6.97, 83.03, 6.04, 6.4, 0.71, 21.91, 24.15, 1.43, 0.98, 46.43, 33.8, 47.13",2018,"Pond and Lake Stewards"
"HA-414-01","White Pond",10,9,1,1,"2001, 2004, 2005, 2006, 2007, 2008, 2014, 2015, 2017, 2018","Secchi, Temp, DO, pH, Alk, TP, TP_ugL, TN, Chla, Phaeo, CTI_TP, CTI_Chlorophyll, CTI_Secchi","9, 9, 9, 10, 10, 10, 10, 10, 10, 10, 10, 10, 9","4.75, 25.5, 7.19, 6, 3.25, 0.3, 9.45, 19.96, 1.29, 1.63, 36.51, 27.75, 37.57",2018,"Pond and Lake Stewards"
"HA-416-01","Josephs Pond",14,14,4,1.86,"2001, 2003, 2004, 2005, 2006, 2007, 2008, 2009, 2012, 2015, 2016, 2017, 2018, 2019","Secchi, Temp, DO, DO_sat, pH, Alk, TP, TP_ugL, TN, Chla, Phaeo, CTI_TP, CTI_Chlorophyll, CTI_Secchi","14, 14, 13, 4, 14, 14, 14, 14, 14, 14, 14, 14, 14, 14","4.61, 25.34, 7.91, 96.13, 6.82, 12.9, 0.6, 18.62, 26.77, 2.2, 0.82, 45.46, 35.78, 38.61",2019,"Pond and Lake Stewards"
"HA-418-01","Sand Lake",1,1,1,1,"2023","Secchi, Temp, DO, DO_sat, pH, Alk, TP, TN, Chla, Phaeo, ATemp, NH4, NOX, DO_Final, DO_sat_Final, PO4, ORP, Sal, Cond","1, 1, 1, 1, 1, 1, 1, 1, 1, 1, 1, 1, 1, 1, 1, 1, 1, 1, 1","NA, NA, NA, NA, NA, NA, NA, NA, NA, NA, NA, NA, NA, NA, NA, NA, NA, NA, NA",2023,"Cape Cod Regional Pond Monitoring Program"
"HA-420-01","Bucks Pond",14,14,5,2.29,"2001, 2003, 2004, 2005, 2006, 2007, 2008, 2009, 2012, 2015, 2016, 2017, 2018, 2019","Secchi, Temp, DO, DO_sat, pH, Alk, TP, TP_ugL, TN, Chla, Phaeo, CTI_TP, CTI_Chlorophyll, CTI_Secchi","14, 14, 14, 4, 14, 14, 14, 14, 14, 14, 14, 14, 14, 14","4.31, 25.62, 7.62, 93.86, 6.82, 14.47, 0.68, 20.91, 26.59, 3.22, 0.85, 46.3, 40.13, 39.19",2019,"Pond and Lake Stewards"
"HA-442-01","Andrews Pond",7,6,1,1,"2001, 2003, 2004, 2005, 2006, 2007, 2008","Secchi, Temp, DO, pH, Alk, TP, TP_ugL, TN, Chla, Phaeo, CTI_TP, CTI_Chlorophyll, CTI_Secchi","6, 6, 6, 7, 7, 7, 7, 7, 7, 7, 7, 7, 6","NA, NA, NA, NA, NA, NA, NA, NA, NA, NA, NA, NA, NA",2008,"Pond and Lake Stewards"
"HA-507-01","Flax Pond",8,1,1,1,"2003, 2004, 2005, 2006, 2007, 2008, 2009, 2012","Secchi, Temp, DO, pH, Alk, TP, TP_ugL, TN, Chla, Phaeo, CTI_TP, CTI_Chlorophyll, CTI_Secchi","6, 7, 7, 8, 8, 7, 7, 7, 8, 8, 7, 8, 6","NA, NA, NA, NA, NA, NA, NA, NA, NA, NA, NA, NA, NA",2012,"Pond and Lake Stewards"
"HA-525-01","Sand Pond",14,12,5,2.14,"2001, 2003, 2004, 2005, 2006, 2007, 2008, 2009, 2012, 2015, 2016, 2017, 2018, 2019","Secchi, Temp, DO, DO_sat, pH, Alk, TP, TP_ugL, TN, Chla, Phaeo, CTI_TP, CTI_Chlorophyll, CTI_Secchi","13, 13, 13, 4, 14, 14, 14, 14, 14, 14, 14, 14, 14, 13","3.69, 25.75, 6.58, 82.22, 6.18, 5.56, 0.66, 20.41, 21.95, 3.11, 1.61, 46.75, 40.42, 41.31",2019,"Pond and Lake Stewards"
"HA-579-01","Grass Pond",2,0,1,1,"2009, 2012","pH, Alk, TP, TP_ugL, TN, Chla, Phaeo, CTI_TP, CTI_Chlorophyll","1, 1, 2, 2, 2, 2, 2, 2, 2","NA, NA, NA, NA, NA, NA, NA, NA, NA",2012,"Pond and Lake Stewards"
"HA-629-01","Skinequit Pond",14,14,5,2.14,"2001, 2003, 2004, 2005, 2006, 2007, 2008, 2009, 2012, 2015, 2016, 2017, 2018, 2019","Secchi, Temp, DO, DO_sat, pH, Alk, TP, TP_ugL, TN, Chla, Phaeo, CTI_TP, CTI_Chlorophyll, CTI_Secchi","14, 14, 14, 4, 14, 14, 14, 14, 14, 14, 14, 14, 14, 14","1.24, 24.68, 7.85, 95.78, 7.08, 28.54, 1.13, 34.88, 46.89, 23.28, 4.96, 54.66, 58.64, 58.41",2019,"Pond and Lake Stewards"
"MA-634-01","Mashpee-Wakeby Pond",18,18,1,1,"2001, 2003, 2004, 2005, 2006, 2007, 2008, 2009, 2010, 2011, 2012, 2013, 2014, 2016, 2017, 2018, 2019, 2020","Secchi, Temp, DO, pH, Alk, TP, TP_ugL, TN, Chla, Phaeo, CTI_TP, CTI_Chlorophyll, CTI_Secchi","17, 17, 17, 18, 18, 18, 18, 17, 18, 18, 18, 18, 17","3.92, 24.4, 9.2, 6.86, 15.68, 0.69, 21.37, 23.26, 3.48, 1.43, 47.59, 40.12, 40.71",2020,"Pond and Lake Stewards"
"MA-718-01","Santuit Pond",19,19,2,1.11,"2001, 2003, 2004, 2005, 2006, 2007, 2008, 2009, 2010, 2011, 2012, 2013, 2014, 2016, 2017, 2018, 2019, 2020, 2023","Secchi, Temp, DO, DO_sat, pH, Alk, TP, TP_ugL, TN, Chla, Phaeo, CTI_TP, CTI_Chlorophyll, CTI_Secchi, ATemp, NH4, NOX, DO_Final, DO_sat_Final, PO4, ORP, Sal, Cond","19, 19, 19, 1, 19, 19, 19, 18, 19, 19, 19, 18, 18, 18, 1, 1, 1, 1, 1, 1, 1, 1, 1","0.83, 26.02, 10.63, NA, 8.05, 29.7, 1.73, 53.58, 70.76, 30.87, 3.05, 61.09, 63.98, 62.8, NA, NA, NA, NA, NA, NA, NA, NA, NA",2023,"Pond and Lake Stewards, Cape Cod Regional Pond Monitoring Program"
"MA-781-01","Washburn Pond",1,0,1,1,"2001","Temp, DO, pH, Alk, TP, TP_ugL, TN, Chla, Phaeo, CTI_TP, CTI_Chlorophyll","1, 1, 1, 1, 1, 1, 1, 1, 1, 1, 1","NA, NA, NA, NA, NA, NA, NA, NA, NA, NA, NA",2001,"Pond and Lake Stewards"
"MA-793-01","Moody Pond",13,13,2,1.08,"2001, 2003, 2004, 2005, 2006, 2007, 2008, 2009, 2010, 2011, 2012, 2013, 2023","Secchi, Temp, DO, DO_sat, pH, Alk, TP, TP_ugL, TN, Chla, Phaeo, CTI_TP, CTI_Chlorophyll, CTI_Secchi, ATemp, NH4, NOX, DO_Final, DO_sat_Final, PO4, ORP, Sal, Cond","13, 13, 13, 1, 13, 13, 13, 12, 13, 12, 12, 12, 11, 12, 1, 1, 1, 1, 1, 1, 1, 1, 1","NA, NA, NA, NA, NA, NA, NA, NA, NA, NA, NA, NA, NA, NA, NA, NA, NA, NA, NA, NA, NA, NA, NA",2023,"Pond and Lake Stewards, Cape Cod Regional Pond Monitoring Program"
"MA-801-01","Amos Pond",1,0,1,1,"2001","Secchi, Temp, DO, pH, Alk, TP, TP_ugL, TN, Chla, Phaeo, CTI_TP, CTI_Chlorophyll, CTI_Secchi","1, 1, 1, 1, 1, 1, 1, 1, 1, 1, 1, 1, 1","NA, NA, NA, NA, NA, NA, NA, NA, NA, NA, NA, NA, NA",2001,"Pond and Lake Stewards"
"MA-804-01","Coombs Pond",1,0,1,1,"2001","Secchi, Temp, DO, pH, Alk, TP, TP_ugL, TN, Chla, Phaeo, CTI_TP, CTI_Chlorophyll, CTI_Secchi","1, 1, 1, 1, 1, 1, 1, 1, 1, 1, 1, 1, 1","NA, NA, NA, NA, NA, NA, NA, NA, NA, NA, NA, NA, NA",2001,"Pond and Lake Stewards"
"MA-808-01","Ashumet Pond",17,17,2,1.06,"2003, 2004, 2005, 2006, 2007, 2008, 2009, 2010, 2011, 2012, 2013, 2014, 2016, 2017, 2018, 2019, 2020","Secchi, Temp, DO, pH, Alk, TP, TP_ugL, TN, Chla, Phaeo, CTI_TP, CTI_Chlorophyll, CTI_Secchi","17, 17, 17, 17, 17, 17, 17, 17, 17, 17, 17, 17, 17","3.34, 23.96, 9.08, 6.77, 12.46, 0.75, 23.29, 21.91, 5.06, 0.64, 48.41, 44.74, 43.45",2020,"Pond and Lake Stewards"
"MA-818-01","Johns Pond",19,19,2,1.11,"2001, 2003, 2004, 2005, 2006, 2007, 2008, 2009, 2010, 2011, 2012, 2013, 2014, 2016, 2017, 2018, 2019, 2020, 2023","Secchi, Temp, DO, DO_sat, pH, Alk, TP, TP_ugL, TN, Chla, Phaeo, CTI_TP, CTI_Chlorophyll, CTI_Secchi, ATemp, NH4, NOX, DO_Final, DO_sat_Final, PO4, ORP, Sal, Cond","17, 16, 16, 1, 19, 19, 19, 18, 19, 19, 19, 18, 18, 16, 1, 1, 1, 1, 1, 1, 1, 1, 1","3.78, 24.68, 9.22, NA, 6.66, 21.34, 0.56, 17.28, 20.94, 5.32, 1.9, 44.36, 46.23, 41.2, NA, NA, NA, NA, NA, NA, NA, NA, NA",2023,"Pond and Lake Stewards, Cape Cod Regional Pond Monitoring Program"
"MA-870-01","Cataquin Pond",1,0,1,1,"2001","Secchi, Temp, DO, pH, Alk, TP, TP_ugL, TN, Chla, Phaeo, CTI_TP, CTI_Chlorophyll, CTI_Secchi","1, 1, 1, 1, 1, 1, 1, 1, 1, 1, 1, 1, 1","NA, NA, NA, NA, NA, NA, NA, NA, NA, NA, NA, NA, NA",2001,"Pond and Lake Stewards"
"MA-871-01","Martha Pond",1,0,1,1,"2014","Secchi, Temp, DO, pH, Alk, TP, TP_ugL, TN, Chla, Phaeo, CTI_TP, CTI_Chlorophyll, CTI_Secchi","1, 1, 1, 1, 1, 1, 1, 1, 1, 1, 1, 1, 1","NA, NA, NA, NA, NA, NA, NA, NA, NA, NA, NA, NA, NA",2014,"Pond and Lake Stewards"
"MA-876-01","Trout Pond",1,0,1,1,"2001","Secchi, Temp, DO, pH, Alk, TP, TP_ugL, TN, Chla, Phaeo, CTI_TP, CTI_Chlorophyll, CTI_Secchi","1, 1, 1, 1, 1, 1, 1, 1, 1, 1, 1, 1, 1","NA, NA, NA, NA, NA, NA, NA, NA, NA, NA, NA, NA, NA",2001,"Pond and Lake Stewards"
"MA-895-01","Flying Squirrel Pond",1,0,1,1,"2001","Secchi, Temp, DO, pH, Alk, TP, TP_ugL, TN, Chla, Phaeo, CTI_TP, CTI_Chlorophyll, CTI_Secchi","1, 1, 1, 1, 1, 1, 1, 1, 1, 1, 1, 1, 1","NA, NA, NA, NA, NA, NA, NA, NA, NA, NA, NA, NA, NA",2001,"Pond and Lake Stewards"
"MA-897-01","Flashy Pond",1,0,1,1,"2001","Secchi, Temp, DO, pH, Alk, TP, TP_ugL, TN, Chla, Phaeo, CTI_TP, CTI_Chlorophyll, CTI_Secchi","1, 1, 1, 1, 1, 1, 1, 1, 1, 1, 1, 1, 1","NA, NA, NA, NA, NA, NA, NA, NA, NA, NA, NA, NA, NA",2001,"Pond and Lake Stewards"
"MA-957-01","Deans Pond",1,0,1,1,"2001","Secchi, Temp, DO, pH, Alk, TP, TP_ugL, TN, Chla, Phaeo, CTI_TP, CTI_Chlorophyll, CTI_Secchi","1, 1, 1, 1, 1, 1, 1, 1, 1, 1, 1, 1, 1","NA, NA, NA, NA, NA, NA, NA, NA, NA, NA, NA, NA, NA",2001,"Pond and Lake Stewards"
"MA-960-01","Jim Pond",1,1,1,1,"2001","Secchi, Temp, DO, pH, Alk, TP, TP_ugL, TN, Chla, Phaeo, CTI_TP, CTI_Chlorophyll, CTI_Secchi","1, 1, 1, 1, 1, 1, 1, 1, 1, 1, 1, 1, 1","NA, NA, NA, NA, NA, NA, NA, NA, NA, NA, NA, NA, NA",2001,"Pond and Lake Stewards"
"MA-1039-01","Mashpee-Wakeby Pond",18,18,1,1,"2001, 2003, 2004, 2005, 2006, 2007, 2008, 2009, 2010, 2011, 2012, 2013, 2014, 2016, 2017, 2018, 2019, 2020","Secchi, Temp, DO, pH, Alk, TP, TP_ugL, TN, Chla, Phaeo, CTI_TP, CTI_Chlorophyll, CTI_Secchi","16, 17, 17, 17, 17, 17, 17, 16, 17, 17, 17, 17, 16","2.82, 24.5, 9.37, 6.9, 15.78, 0.8, 24.9, 27.65, 5.12, 2.64, 49.67, 44.04, 45.62",2020,"Pond and Lake Stewards"
"OR-113-01","Ice House Pond",17,16,2,1.29,"2001, 2002, 2003, 2004, 2005, 2006, 2008, 2009, 2010, 2011, 2012, 2013, 2014, 2016, 2017, 2018, 2019","Secchi, Temp, DO, pH, Alk, TP, TP_ugL, TN, Chla, Phaeo, CTI_TP, CTI_Chlorophyll, CTI_Secchi","16, 16, 16, 17, 17, 17, 17, 17, 17, 17, 17, 17, 16","3.38, 25.1, 7.01, 6.27, 8.6, 0.71, 22.09, 36.89, 4.26, 1.32, 48.61, 43.91, 42.48",2019,"Pond and Lake Stewards"
"OR-122-01","Cedar Pond",15,15,2,1.2,"2001, 2002, 2003, 2004, 2005, 2006, 2008, 2009, 2010, 2011, 2012, 2013, 2014, 2016, 2017","Secchi, Temp, DO, pH, Alk, TP, TP_ugL, TN, Chla, Phaeo, CTI_TP, CTI_Chlorophyll, CTI_Secchi, Sal","15, 14, 14, 15, 15, 15, 15, 15, 15, 15, 15, 15, 15, 3","0.5, 25.55, 7.92, 7.89, 138.45, 8.25, 255.38, 89.8, 84.87, 12.29, 83.94, 73.39, 69.84, NA",2017,"Pond and Lake Stewards"
"OR-123-01","Reubens Pond",15,1,2,1.13,"2002, 2003, 2004, 2005, 2006, 2008, 2009, 2010, 2011, 2012, 2013, 2014, 2016, 2017, 2023","Secchi, Temp, DO, DO_sat, pH, Alk, TP, TP_ugL, TN, Chla, Phaeo, CTI_TP, CTI_Chlorophyll, CTI_Secchi, ATemp, NH4, NOX, DO_Final, DO_sat_Final, PO4, ORP, Sal, Cond","15, 15, 15, 1, 15, 14, 15, 14, 15, 15, 15, 14, 14, 14, 1, 1, 1, 1, 1, 1, 1, 1, 1","0.36, 23.45, 7.5, NA, 5.36, 3.8, 7.69, 238.19, 191.49, 126.5, 62.56, 82.45, 78.09, 74.93, NA, NA, NA, NA, NA, NA, NA, NA, NA",2023,"Pond and Lake Stewards, Cape Cod Regional Pond Monitoring Program"
"OR-129-01","Critchetts Pond",1,0,1,1,"2016","Secchi, Temp, DO, pH, Alk, TP, TP_ugL, TN, Chla, Phaeo, CTI_TP, CTI_Chlorophyll, CTI_Secchi","1, 1, 1, 1, 1, 1, 1, 1, 1, 1, 1, 1, 1","0.33, 24.5, 7.11, 5.74, 5.2, 3.32, 102.83, 90.45, 18.75, 14.73, 70.96, 59.36, 75.98",2016,"Pond and Lake Stewards"
"OR-136-01","Bolands Pond",17,15,2,1.29,"2001, 2002, 2003, 2004, 2005, 2006, 2008, 2009, 2010, 2011, 2012, 2013, 2014, 2016, 2017, 2018, 2019","Secchi, Temp, DO, pH, Alk, TP, TP_ugL, TN, Chla, Phaeo, CTI_TP, CTI_Chlorophyll, CTI_Secchi","15, 15, 15, 17, 17, 17, 17, 17, 17, 17, 17, 17, 15","0.88, 24.38, 8.68, 6.25, 7.65, 2.13, 65.89, 73.65, 21.72, 7.44, 64.01, 54.31, 62.73",2019,"Pond and Lake Stewards"
"OR-142-01","Uncle Harveys Pond",16,15,2,1.31,"2001, 2002, 2003, 2004, 2005, 2006, 2008, 2009, 2010, 2011, 2012, 2013, 2014, 2016, 2018, 2019","Secchi, Temp, DO, pH, Alk, TP, TP_ugL, TN, Chla, Phaeo, CTI_TP, CTI_Chlorophyll, CTI_Secchi","15, 15, 15, 16, 16, 16, 16, 16, 16, 16, 16, 16, 15","1.26, 24.27, 6.57, 6.8, 24, 1.14, 35.21, 64.84, 20.31, 10.49, 55.28, 60.13, 56.64",2019,"Pond and Lake Stewards"
"OR-147-01","Kettle Pond",12,7,2,1.25,"2002, 2003, 2004, 2005, 2006, 2008, 2009, 2010, 2011, 2013, 2014, 2019","Secchi, Temp, DO, pH, Alk, TP, TP_ugL, TN, Chla, Phaeo, CTI_TP, CTI_Chlorophyll, CTI_Secchi","12, 11, 11, 12, 12, 12, 12, 12, 12, 12, 12, 12, 12","0.18, 21.3, 1.19, 4.82, 0.3, 8.1, 250.89, 132.88, 2.04, 9.23, 83.82, 37.59, 84.71",2019,"Pond and Lake Stewards"
"OR-153-01","Crystal Lake",17,17,2,1.24,"2001, 2002, 2003, 2004, 2005, 2006, 2008, 2009, 2010, 2011, 2012, 2013, 2014, 2016, 2017, 2019, 2023","Secchi, Temp, DO, DO_sat, pH, Alk, TP, TP_ugL, TN, Chla, Phaeo, CTI_TP, CTI_Chlorophyll, CTI_Secchi, ATemp, NH4, NOX, DO_Final, DO_sat_Final, PO4, ORP, Sal, Cond","16, 16, 16, 1, 17, 17, 17, 16, 17, 17, 17, 16, 16, 15, 1, 1, 1, 1, 1, 1, 1, 1, 1","3.71, 23.15, 8.06, NA, 6.52, 6.65, 0.48, 15.02, 30.32, 4.58, 2.44, 43.19, 43.56, 41.1, NA, NA, NA, NA, NA, NA, NA, NA, NA",2023,"Pond and Lake Stewards, Cape Cod Regional Pond Monitoring Program"
"OR-167-01","Bakers Pond",17,17,2,1.24,"2001, 2002, 2003, 2004, 2005, 2006, 2008, 2009, 2010, 2011, 2012, 2013, 2014, 2016, 2017, 2018, 2019","Secchi, Temp, DO, pH, Alk, TP, TP_ugL, TN, Chla, Phaeo, CTI_TP, CTI_Chlorophyll, CTI_Secchi","17, 17, 17, 17, 17, 17, 17, 17, 17, 17, 17, 17, 17","6.17, 23.7, 7.92, 6.19, 3.93, 0.38, 11.87, 33.62, 1.05, 1.7, 39.46, 31.07, 33.88",2019,"Pond and Lake Stewards"
"OR-171-01","Chigger Pond",2,1,2,1.5,"2004, 2005","Secchi, Temp, DO, pH, Alk, TP, TP_ugL, TN, Chla, Phaeo, CTI_TP, CTI_Chlorophyll, CTI_Secchi","2, 2, 2, 2, 2, 2, 2, 2, 2, 2, 2, 2, 2","NA, NA, NA, NA, NA, NA, NA, NA, NA, NA, NA, NA, NA",2005,"Pond and Lake Stewards"
"OR-174-01","Gould Pond",17,17,2,1.29,"2001, 2002, 2003, 2004, 2005, 2006, 2008, 2009, 2010, 2011, 2012, 2013, 2014, 2016, 2017, 2018, 2019","Secchi, Temp, DO, pH, Alk, TP, TP_ugL, TN, Chla, Phaeo, CTI_TP, CTI_Chlorophyll, CTI_Secchi","17, 17, 17, 17, 17, 17, 17, 17, 17, 17, 17, 17, 17","2.92, 25.77, 6.32, 5.69, 2.78, 0.56, 17.27, 28.91, 5.62, 8.33, 44.9, 43.97, 44.87",2019,"Pond and Lake Stewards"
"OR-176-01","Pilgrim Lake",16,16,2,1.38,"2001, 2002, 2003, 2004, 2005, 2006, 2009, 2010, 2011, 2012, 2013, 2014, 2016, 2018, 2019, 2023","Secchi, Temp, DO, DO_sat, pH, Alk, TP, TP_ugL, TN, Chla, Phaeo, CTI_TP, CTI_Chlorophyll, CTI_Secchi, ATemp, NH4, NOX, DO_Final, DO_sat_Final, PO4, ORP, Sal, Cond","16, 16, 16, 1, 16, 16, 16, 15, 16, 16, 16, 15, 15, 15, 1, 1, 1, 1, 1, 1, 1, 1, 1","2.83, 23.07, 7.95, NA, 6.87, 24.17, 0.57, 17.76, 37.62, 9.61, 4.67, 45.55, 51.63, 45.57, NA, NA, NA, NA, NA, NA, NA, NA, NA",2023,"Pond and Lake Stewards, Cape Cod Regional Pond Monitoring Program"
"OR-203-01","Wash Pond",9,8,1,1,"2001, 2002, 2003, 2004, 2005, 2006, 2007, 2008, 2009","Secchi, Temp, DO, pH, Alk, TP, TP_ugL, TN, Chla, Phaeo, CTI_TP, CTI_Chlorophyll, CTI_Secchi","9, 9, 9, 9, 9, 9, 9, 9, 9, 9, 9, 9, 9","NA, NA, NA, NA, NA, NA, NA, NA, NA, NA, NA, NA, NA",2009,"Pond and Lake Stewards"
"OR-228-01","Uncle Israels Pond",17,5,2,1.18,"2001, 2002, 2003, 2004, 2005, 2006, 2008, 2009, 2010, 2011, 2012, 2013, 2014, 2016, 2017, 2018, 2019","Secchi, Temp, DO, pH, Alk, TP, TP_ugL, TN, Chla, Phaeo, CTI_TP, CTI_Chlorophyll, CTI_Secchi","17, 17, 17, 17, 17, 17, 17, 16, 17, 17, 17, 17, 17","0.57, 24.15, 5.29, 5.74, 5.77, 4.04, 125.13, 75.28, 13.39, 14.56, 55.12, 55.76, 69",2019,"Pond and Lake Stewards"
"OR-247-01","Twinings Pond",17,17,2,1.29,"2001, 2002, 2003, 2004, 2005, 2006, 2008, 2009, 2010, 2011, 2012, 2013, 2014, 2016, 2017, 2018, 2019","Secchi, Temp, DO, pH, Alk, TP, TP_ugL, TN, Chla, Phaeo, CTI_TP, CTI_Chlorophyll, CTI_Secchi","17, 17, 17, 17, 17, 17, 17, 17, 17, 17, 17, 17, 17","2.68, 23.88, 6.43, 6.27, 11.32, 0.6, 18.74, 30.76, 6.63, 4.71, 46.38, 48.17, 45.92",2019,"Pond and Lake Stewards"
"OR-249-01","Sarahs Pond",17,17,2,1.29,"2001, 2002, 2003, 2004, 2005, 2006, 2008, 2009, 2010, 2011, 2012, 2013, 2014, 2016, 2017, 2018, 2019","Secchi, Temp, DO, pH, Alk, TP, TP_ugL, TN, Chla, Phaeo, CTI_TP, CTI_Chlorophyll, CTI_Secchi","17, 17, 17, 17, 17, 17, 17, 16, 17, 17, 17, 17, 17","1.41, 25.3, 7.54, 7.14, 21.88, 1.22, 37.89, 40.38, 15.06, 8.41, 55.61, 56.21, 55.36",2019,"Pond and Lake Stewards"
"OR-253-01","Shoal Pond",17,15,2,1.29,"2001, 2002, 2003, 2004, 2005, 2006, 2008, 2009, 2010, 2011, 2012, 2013, 2014, 2016, 2017, 2018, 2019","Secchi, Temp, DO, pH, Alk, TP, TP_ugL, TN, Chla, Phaeo, CTI_TP, CTI_Chlorophyll, CTI_Secchi","17, 17, 17, 17, 17, 17, 17, 16, 17, 17, 17, 17, 17","0.8, 23.7, 2.45, 5.94, 14.45, 1.24, 38.33, 47.45, 19.07, 20.37, 56.51, 57.73, 63.38",2019,"Pond and Lake Stewards"
"OR-256-01","Meadow Bog Pond",16,12,2,1.31,"2001, 2002, 2003, 2004, 2005, 2006, 2008, 2009, 2010, 2011, 2012, 2013, 2014, 2016, 2018, 2019","Secchi, Temp, DO, pH, Alk, TP, TP_ugL, TN, Chla, Phaeo, CTI_TP, CTI_Chlorophyll, CTI_Secchi","16, 16, 16, 16, 16, 16, 16, 15, 16, 15, 16, 16, 16","1.69, 24.23, 6.12, 7.56, 51, 1.46, 45.12, 42.7, 8.56, 5.71, 58.26, 51.42, 52.43",2019,"Pond and Lake Stewards"
"OR-262-01","Deep Pond",17,17,2,1.29,"2001, 2002, 2003, 2004, 2005, 2006, 2008, 2009, 2010, 2011, 2012, 2013, 2014, 2016, 2017, 2018, 2019","Secchi, Temp, DO, pH, Alk, TP, TP_ugL, TN, Chla, Phaeo, CTI_TP, CTI_Chlorophyll, CTI_Secchi","17, 17, 17, 17, 17, 17, 17, 16, 17, 17, 17, 17, 17","2.12, 25.27, 6.56, 6.64, 20.8, 0.58, 18.04, 52.12, 9.15, 6.56, 44.73, 51.33, 49.78",2019,"Pond and Lake Stewards"
"OR-264-01","Uncle Seths Pond",17,17,2,1.29,"2001, 2002, 2003, 2004, 2005, 2006, 2008, 2009, 2010, 2011, 2012, 2013, 2014, 2016, 2017, 2018, 2019","Secchi, Temp, DO, pH, Alk, TP, TP_ugL, TN, Chla, Phaeo, CTI_TP, CTI_Chlorophyll, CTI_Secchi","17, 17, 17, 17, 17, 17, 17, 17, 17, 17, 17, 17, 17","1.61, 24.42, 4.43, 6.3, 21.95, 0.76, 23.54, 32.83, 7.45, 2.18, 49.39, 46.89, 53.42",2019,"Pond and Lake Stewards"
"PR-1-01","Grassy Pond",1,0,1,1,"2001","Secchi, pH, Alk, TP, TP_ugL, TN, Chla, Phaeo, CTI_TP, CTI_Chlorophyll, CTI_Secchi","1, 1, 1, 1, 1, 1, 1, 1, 1, 1, 1","NA, NA, NA, NA, NA, NA, NA, NA, NA, NA, NA",2001,"Pond and Lake Stewards"
"PR-2-01","Blackwater Pond",1,0,2,2,"2023","Secchi, Temp, DO, DO_sat, pH, Alk, TP, TN, Chla, Phaeo, ATemp, NH4, NOX, DO_Final, DO_sat_Final, PO4, ORP, Sal, Cond","1, 1, 1, 1, 1, 1, 1, 1, 1, 1, 1, 1, 1, 1, 1, 1, 1, 1, 1","NA, NA, NA, NA, NA, NA, NA, NA, NA, NA, NA, NA, NA, NA, NA, NA, NA, NA, NA",2023,"Cape Cod Regional Pond Monitoring Program"
"PR-9-01","Great Pond",3,0,1,1,"2001, 2003, 2004","Secchi, Temp, DO, pH, Alk, TP, TP_ugL, TN, Chla, Phaeo, CTI_TP, CTI_Chlorophyll, CTI_Secchi","1, 1, 1, 2, 2, 3, 3, 3, 3, 3, 3, 3, 1","NA, NA, NA, NA, NA, NA, NA, NA, NA, NA, NA, NA, NA",2004,"Pond and Lake Stewards"
"PR-16-01","Pasture Pond",1,0,1,1,"2001","Secchi, pH, Alk, TP, TP_ugL, TN, Chla, Phaeo, CTI_TP, CTI_Chlorophyll, CTI_Secchi","1, 1, 1, 1, 1, 1, 1, 1, 1, 1, 1","NA, NA, NA, NA, NA, NA, NA, NA, NA, NA, NA",2001,"Pond and Lake Stewards"
"PR-22-01","Bennett Pond",2,0,1,1,"2001, 2003","Secchi, Temp, DO, pH, Alk, TP, TP_ugL, TN, Chla, Phaeo, CTI_TP, CTI_Chlorophyll, CTI_Secchi","1, 1, 1, 2, 1, 2, 2, 2, 2, 2, 2, 2, 1","NA, NA, NA, NA, NA, NA, NA, NA, NA, NA, NA, NA, NA",2003,"Pond and Lake Stewards"
"PR-25-01","Clapps Round Pond",1,0,1,1,"2001","Secchi, pH, Alk, TP, TP_ugL, TN, Chla, Phaeo, CTI_TP, CTI_Chlorophyll, CTI_Secchi","1, 1, 1, 1, 1, 1, 1, 1, 1, 1, 1","NA, NA, NA, NA, NA, NA, NA, NA, NA, NA, NA",2001,"Pond and Lake Stewards"
"PR-26-01","Duck Pond",2,0,1,1,"2003, 2004","Temp, DO, pH, Alk, TP, TP_ugL, TN, Chla, Phaeo, CTI_TP, CTI_Chlorophyll","1, 1, 1, 1, 2, 2, 2, 2, 2, 2, 2","NA, NA, NA, NA, NA, NA, NA, NA, NA, NA, NA",2004,"Pond and Lake Stewards"
"PR-28-01","Clapps Pond",9,3,1,1,"2001, 2003, 2004, 2005, 2006, 2007, 2009, 2010, 2023","Secchi, Temp, DO, DO_sat, pH, Alk, TP, TP_ugL, TN, Chla, Phaeo, CTI_TP, CTI_Chlorophyll, CTI_Secchi, ATemp, NH4, NOX, DO_Final, DO_sat_Final, PO4, ORP, Sal, Cond","7, 8, 8, 1, 8, 8, 9, 8, 9, 9, 9, 8, 8, 6, 1, 1, 1, 1, 1, 1, 1, 1, 1","NA, NA, NA, NA, NA, NA, NA, NA, NA, NA, NA, NA, NA, NA, NA, NA, NA, NA, NA, NA, NA, NA, NA",2023,"Pond and Lake Stewards, Cape Cod Regional Pond Monitoring Program"
"SA-210-01","Shawme Lake",1,1,2,2,"2023","Secchi, Temp, DO, DO_sat, pH, Alk, TP, TN, Chla, Phaeo, ATemp, NH4, NOX, DO_Final, DO_sat_Final, PO4, ORP, Sal, Cond","1, 1, 1, 1, 1, 1, 1, 1, 1, 1, 1, 1, 1, 1, 1, 1, 1, 1, 1","NA, NA, NA, NA, NA, NA, NA, NA, NA, NA, NA, NA, NA, NA, NA, NA, NA, NA, NA",2023,"Cape Cod Regional Pond Monitoring Program"
"SA-409-01","Spectacle Pond",9,9,2,1.11,"2003, 2004, 2005, 2006, 2007, 2008, 2009, 2010, 2023","Secchi, Temp, DO, DO_sat, pH, Alk, TP, TP_ugL, TN, Chla, Phaeo, CTI_TP, CTI_Chlorophyll, CTI_Secchi, ATemp, NH4, NOX, DO_Final, DO_sat_Final, PO4, ORP, Sal, Cond","9, 9, 9, 1, 9, 9, 9, 8, 9, 9, 9, 8, 8, 8, 1, 1, 1, 1, 1, 1, 1, 1, 1","NA, NA, NA, NA, NA, NA, NA, NA, NA, NA, NA, NA, NA, NA, NA, NA, NA, NA, NA, NA, NA, NA, NA",2023,"Pond and Lake Stewards, Cape Cod Regional Pond Monitoring Program"
"SA-431-01","Lawrence Pond",11,11,1,1,"2003, 2004, 2005, 2006, 2007, 2008, 2009, 2010, 2011, 2012, 2023","Secchi, Temp, DO, DO_sat, pH, Alk, TP, TP_ugL, TN, Chla, Phaeo, CTI_TP, CTI_Chlorophyll, CTI_Secchi, ATemp, NH4, NOX, DO_Final, DO_sat_Final, PO4, ORP, Sal, Cond","11, 11, 11, 1, 11, 11, 11, 10, 11, 10, 10, 10, 9, 10, 1, 1, 1, 1, 1, 1, 1, 1, 1","NA, NA, NA, NA, NA, NA, NA, NA, NA, NA, NA, NA, NA, NA, NA, NA, NA, NA, NA, NA, NA, NA, NA",2023,"Pond and Lake Stewards, Cape Cod Regional Pond Monitoring Program"
"SA-504-01","Triangle Pond",10,10,1,1,"2003, 2004, 2005, 2006, 2007, 2008, 2009, 2010, 2011, 2012","Secchi, Temp, DO, pH, Alk, TP, TP_ugL, TN, Chla, Phaeo, CTI_TP, CTI_Chlorophyll, CTI_Secchi","10, 10, 10, 10, 10, 10, 10, 10, 10, 10, 10, 10, 10","NA, NA, NA, NA, NA, NA, NA, NA, NA, NA, NA, NA, NA",2012,"Pond and Lake Stewards"
"SA-526-01","Peters Pond",5,5,1,1,"2001, 2003, 2004, 2005, 2023","Secchi, Temp, DO, DO_sat, pH, Alk, TP, TP_ugL, TN, Chla, Phaeo, CTI_TP, CTI_Chlorophyll, CTI_Secchi, ATemp, NH4, NOX, DO_Final, DO_sat_Final, PO4, ORP, Sal, Cond","5, 5, 5, 1, 5, 5, 5, 4, 5, 5, 5, 4, 4, 4, 1, 1, 1, 1, 1, 1, 1, 1, 1","NA, NA, NA, NA, NA, NA, NA, NA, NA, NA, NA, NA, NA, NA, NA, NA, NA, NA, NA, NA, NA, NA, NA",2023,"Pond and Lake Stewards, Cape Cod Regional Pond Monitoring Program"
"SA-568-01","Snake Pond",4,4,1,1,"2001, 2003, 2004, 2005","Secchi, Temp, DO, pH, Alk, TP, TP_ugL, TN, Chla, Phaeo, CTI_TP, CTI_Chlorophyll, CTI_Secchi","4, 4, 4, 4, 4, 4, 4, 4, 4, 4, 4, 4, 4","NA, NA, NA, NA, NA, NA, NA, NA, NA, NA, NA, NA, NA",2005,"Pond and Lake Stewards"
"SA-615-01","Pimlico Pond",4,4,1,1,"2001, 2003, 2004, 2005","Secchi, Temp, DO, pH, Alk, TP, TP_ugL, TN, Chla, Phaeo, CTI_TP, CTI_Chlorophyll, CTI_Secchi","4, 4, 4, 4, 3, 4, 4, 4, 4, 4, 4, 4, 4","NA, NA, NA, NA, NA, NA, NA, NA, NA, NA, NA, NA, NA",2005,"Pond and Lake Stewards"
"TR-38-01","Village Pond",2,1,2,1.5,"2003, 2023","Secchi, Temp, DO, DO_sat, pH, Alk, TP, TP_ugL, TN, Chla, Phaeo, CTI_TP, CTI_Chlorophyll, CTI_Secchi, ATemp, NH4, NOX, DO_Final, DO_sat_Final, PO4, ORP, Sal, Cond","2, 2, 2, 1, 2, 2, 2, 1, 2, 2, 2, 1, 1, 1, 1, 1, 1, 1, 1, 1, 1, 1, 1","NA, NA, NA, NA, NA, NA, NA, NA, NA, NA, NA, NA, NA, NA, NA, NA, NA, NA, NA, NA, NA, NA, NA",2023,"Pond and Lake Stewards, Cape Cod Regional Pond Monitoring Program"
"TR-48-01","Great Pond",11,11,2,1.18,"2001, 2003, 2004, 2005, 2006, 2007, 2009, 2010, 2012, 2013, 2023","Secchi, Temp, DO, DO_sat, pH, Alk, TP, TP_ugL, TN, Chla, Phaeo, CTI_TP, CTI_Chlorophyll, CTI_Secchi, ATemp, NH4, NOX, DO_Final, DO_sat_Final, PO4, ORP, Sal, Cond","11, 11, 11, 1, 11, 11, 11, 10, 11, 10, 10, 10, 9, 10, 1, 1, 1, 1, 1, 1, 1, 1, 1","NA, NA, NA, NA, NA, NA, NA, NA, NA, NA, NA, NA, NA, NA, NA, NA, NA, NA, NA, NA, NA, NA, NA",2023,"Pond and Lake Stewards, Cape Cod Regional Pond Monitoring Program"
"TR-49-01","Round Pond (East)",3,3,1,1,"2001, 2003, 2004","Secchi, Temp, DO, pH, Alk, TP, TP_ugL, TN, Chla, Phaeo, CTI_TP, CTI_Chlorophyll, CTI_Secchi","3, 3, 3, 3, 3, 3, 3, 3, 3, 3, 3, 3, 3","NA, NA, NA, NA, NA, NA, NA, NA, NA, NA, NA, NA, NA",2004,"Pond and Lake Stewards"
"TR-50-01","Round Pond (West)",2,2,1,1,"2001, 2003","Secchi, Temp, DO, pH, Alk, TP, TP_ugL, TN, Chla, Phaeo, CTI_TP, CTI_Chlorophyll, CTI_Secchi","2, 2, 2, 2, 2, 2, 2, 2, 2, 2, 2, 2, 2","NA, NA, NA, NA, NA, NA, NA, NA, NA, NA, NA, NA, NA",2003,"Pond and Lake Stewards"
"TR-51-01","Horseleech Pond",2,2,1,1,"2001, 2004","Secchi, Temp, DO, pH, Alk, TP, TP_ugL, TN, Chla, Phaeo, CTI_TP, CTI_Chlorophyll, CTI_Secchi","2, 2, 2, 2, 2, 2, 2, 2, 2, 2, 2, 2, 2","NA, NA, NA, NA, NA, NA, NA, NA, NA, NA, NA, NA, NA",2004,"Pond and Lake Stewards"
"TR-52-01","Snow Pond",5,5,1,1,"2001, 2003, 2004, 2012, 2013","Secchi, Temp, DO, pH, Alk, TP, TP_ugL, TN, Chla, Phaeo, CTI_TP, CTI_Chlorophyll, CTI_Secchi","5, 5, 5, 5, 5, 5, 5, 5, 5, 5, 5, 5, 5","NA, NA, NA, NA, NA, NA, NA, NA, NA, NA, NA, NA, NA",2013,"Pond and Lake Stewards"
"TR-53-01","Slough Pond",7,7,1,1,"2001, 2003, 2004, 2005, 2006, 2007, 2009","Secchi, Temp, DO, pH, Alk, TP, TP_ugL, TN, Chla, Phaeo, CTI_TP, CTI_Chlorophyll, CTI_Secchi","7, 7, 7, 7, 7, 7, 7, 7, 7, 7, 7, 7, 7","NA, NA, NA, NA, NA, NA, NA, NA, NA, NA, NA, NA, NA",2009,"Pond and Lake Stewards"
"TR-54-01","Ryder Pond",4,4,1,1,"2001, 2003, 2012, 2013","Secchi, Temp, DO, pH, Alk, TP, TP_ugL, TN, Chla, Phaeo, CTI_TP, CTI_Chlorophyll, CTI_Secchi","4, 4, 4, 4, 4, 4, 4, 4, 4, 4, 4, 4, 4","NA, NA, NA, NA, NA, NA, NA, NA, NA, NA, NA, NA, NA",2013,"Pond and Lake Stewards"
"WE-55-01","Williams Pond",3,1,1,1,"2001, 2003, 2004","Secchi, Temp, DO, pH, Alk, TP, TP_ugL, TN, Chla, Phaeo, CTI_TP, CTI_Chlorophyll, CTI_Secchi","3, 3, 3, 3, 3, 3, 3, 3, 3, 3, 3, 3, 3","NA, NA, NA, NA, NA, NA, NA, NA, NA, NA, NA, NA, NA",2004,"Pond and Lake Stewards"
"WE-56-01","Herring Pond",4,4,2,1.25,"2001, 2003, 2004, 2023","Secchi, Temp, DO, DO_sat, pH, Alk, TP, TP_ugL, TN, Chla, Phaeo, CTI_TP, CTI_Chlorophyll, CTI_Secchi, ATemp, NH4, NOX, DO_Final, DO_sat_Final, PO4, ORP, Sal, Cond","4, 4, 4, 1, 4, 4, 4, 3, 4, 4, 4, 3, 3, 3, 1, 1, 1, 1, 1, 1, 1, 1, 1","NA, NA, NA, NA, NA, NA, NA, NA, NA, NA, NA, NA, NA, NA, NA, NA, NA, NA, NA, NA, NA, NA, NA",2023,"Pond and Lake Stewards, Cape Cod Regional Pond Monitoring Program"
"WE-57-01","Higgins Pond",3,3,1,1,"2001, 2003, 2004","Secchi, Temp, DO, pH, Alk, TP, TP_ugL, TN, Chla, Phaeo, CTI_TP, CTI_Chlorophyll, CTI_Secchi","3, 3, 3, 3, 3, 3, 3, 3, 3, 3, 3, 3, 3","NA, NA, NA, NA, NA, NA, NA, NA, NA, NA, NA, NA, NA",2004,"Pond and Lake Stewards"
"WE-59-01","Gull Pond",6,6,1,1,"2001, 2004, 2005, 2006, 2007, 2009","Secchi, Temp, DO, pH, Alk, TP, TP_ugL, TN, Chla, Phaeo, CTI_TP, CTI_Chlorophyll, CTI_Secchi","6, 6, 6, 6, 6, 6, 6, 6, 6, 6, 6, 6, 6","NA, NA, NA, NA, NA, NA, NA, NA, NA, NA, NA, NA, NA",2009,"Pond and Lake Stewards"
"WE-60-01","Doanes Bog Pond",1,0,1,1,"2001","pH, Alk, TP, TP_ugL, TN, Chla, Phaeo, CTI_TP, CTI_Chlorophyll","1, 1, 1, 1, 1, 1, 1, 1, 1","NA, NA, NA, NA, NA, NA, NA, NA, NA",2001,"Pond and Lake Stewards"
"WE-61-01","Kinnicum Pond",3,3,1,1,"2001, 2003, 2004","Secchi, Temp, DO, pH, Alk, TP, TP_ugL, TN, Chla, Phaeo, CTI_TP, CTI_Chlorophyll, CTI_Secchi","3, 3, 3, 3, 2, 3, 3, 3, 3, 3, 3, 3, 3","NA, NA, NA, NA, NA, NA, NA, NA, NA, NA, NA, NA, NA",2004,"Pond and Lake Stewards"
"WE-64-01","Spectacle Pond",3,3,1,1,"2001, 2003, 2004","Secchi, Temp, DO, pH, Alk, TP, TP_ugL, TN, Chla, Phaeo, CTI_TP, CTI_Chlorophyll, CTI_Secchi","3, 3, 3, 3, 3, 3, 3, 3, 3, 3, 3, 3, 3","NA, NA, NA, NA, NA, NA, NA, NA, NA, NA, NA, NA, NA",2004,"Pond and Lake Stewards"
"WE-65-01","Long Pond",6,6,1,1,"2001, 2003, 2005, 2006, 2007, 2011","Secchi, Temp, DO, pH, Alk, TP, TP_ugL, TN, Chla, Phaeo, CTI_TP, CTI_Chlorophyll, CTI_Secchi","6, 6, 6, 6, 5, 6, 6, 6, 6, 6, 6, 6, 6","NA, NA, NA, NA, NA, NA, NA, NA, NA, NA, NA, NA, NA",2011,"Pond and Lake Stewards"
"WE-66-01","Northeast Pond",3,2,1,1,"2001, 2003, 2004","Secchi, Temp, DO, pH, Alk, TP, TP_ugL, TN, Chla, Phaeo, CTI_TP, CTI_Chlorophyll, CTI_Secchi","2, 2, 2, 2, 2, 3, 3, 3, 2, 3, 3, 2, 2","NA, NA, NA, NA, NA, NA, NA, NA, NA, NA, NA, NA, NA",2004,"Pond and Lake Stewards"
"WE-67-01","Great Pond",4,4,2,1.5,"2001, 2003, 2004, 2023","Secchi, Temp, DO, DO_sat, pH, Alk, TP, TP_ugL, TN, Chla, Phaeo, CTI_TP, CTI_Chlorophyll, CTI_Secchi, ATemp, NH4, NOX, DO_Final, DO_sat_Final, PO4, ORP, Sal, Cond","4, 4, 4, 1, 4, 4, 4, 3, 4, 4, 4, 3, 3, 3, 1, 1, 1, 1, 1, 1, 1, 1, 1","NA, NA, NA, NA, NA, NA, NA, NA, NA, NA, NA, NA, NA, NA, NA, NA, NA, NA, NA, NA, NA, NA, NA",2023,"Pond and Lake Stewards, Cape Cod Regional Pond Monitoring Program"
"WE-68-01","Southeast Pond",3,2,1,1,"2001, 2003, 2004","Secchi, Temp, DO, pH, Alk, TP, TP_ugL, TN, Chla, Phaeo, CTI_TP, CTI_Chlorophyll, CTI_Secchi","1, 2, 2, 2, 2, 3, 3, 3, 3, 3, 3, 3, 1","NA, NA, NA, NA, NA, NA, NA, NA, NA, NA, NA, NA, NA",2004,"Pond and Lake Stewards"
"WE-70-01","Turtle Pond",2,0,1,1,"2001, 2004","Secchi, Temp, DO, pH, Alk, TP, TP_ugL, TN, CTI_TP, CTI_Secchi","2, 2, 2, 1, 1, 1, 1, 1, 1, 2","NA, NA, NA, NA, NA, NA, NA, NA, NA, NA",2004,"Pond and Lake Stewards"
"WE-71-01","Dyer Pond",4,4,1,1,"2001, 2003, 2014, 2016","Secchi, Temp, DO, pH, Alk, TP, TP_ugL, TN, Chla, Phaeo, CTI_TP, CTI_Chlorophyll, CTI_Secchi","4, 4, 4, 4, 4, 4, 4, 4, 4, 4, 4, 4, 4","4.4, 23.9, 8.42, 5.77, 1.7, 0.97, 30.04, 15.03, 2.16, 1.8, 53.21, 38.15, 38.65",2016,"Pond and Lake Stewards"
"WE-74-01","Grass Pond",1,0,1,1,"2001","pH, Alk, TP, TP_ugL, TN, Chla, Phaeo, CTI_TP, CTI_Chlorophyll","1, 1, 1, 1, 1, 1, 1, 1, 1","NA, NA, NA, NA, NA, NA, NA, NA, NA",2001,"Pond and Lake Stewards"
"WE-76-01","Duck Pond",10,10,2,1.1,"2001, 2003, 2004, 2005, 2006, 2007, 2010, 2014, 2016, 2023","Secchi, Temp, DO, DO_sat, pH, Alk, TP, TP_ugL, TN, Chla, Phaeo, CTI_TP, CTI_Chlorophyll, CTI_Secchi, ATemp, NH4, NOX, DO_Final, DO_sat_Final, PO4, ORP, Sal, Cond","9, 10, 10, 1, 10, 10, 10, 9, 10, 10, 10, 9, 9, 8, 1, 1, 1, 1, 1, 1, 1, 1, 1","5.1, 23.5, 8.04, NA, 5.69, 1.5, 1.07, 33.14, 15.22, 2.49, 1.52, 54.63, 39.55, 36.52, NA, NA, NA, NA, NA, NA, NA, NA, NA",2023,"Pond and Lake Stewards, Cape Cod Regional Pond Monitoring Program"
"YA-371-01","Tom Matthews Pond",7,1,1,1,"2003, 2004, 2005, 2006, 2007, 2008, 2009","Secchi, Temp, DO, pH, Alk, TP, TP_ugL, TN, Chla, Phaeo, CTI_TP, CTI_Chlorophyll, CTI_Secchi","7, 7, 7, 7, 7, 7, 7, 7, 6, 6, 7, 6, 7","NA, NA, NA, NA, NA, NA, NA, NA, NA, NA, NA, NA, NA",2009,"Pond and Lake Stewards"
"YA-472-01","Dennis Pond",14,14,1,1,"2001, 2003, 2004, 2005, 2006, 2007, 2008, 2009, 2010, 2011, 2013, 2014, 2016, 2023","Secchi, Temp, DO, DO_sat, pH, Alk, TP, TP_ugL, TN, Chla, Phaeo, CTI_TP, CTI_Chlorophyll, CTI_Secchi, ATemp, NH4, NOX, DO_Final, DO_sat_Final, PO4, ORP, Sal, Cond","14, 14, 14, 1, 14, 14, 14, 13, 14, 14, 14, 13, 13, 13, 1, 1, 1, 1, 1, 1, 1, 1, 1","5.6, 22.1, 6.8, NA, 5.05, 0.5, 0.94, 29.12, 16.72, 0.54, 1.69, 52.77, 24.56, 35.17, NA, NA, NA, NA, NA, NA, NA, NA, NA",2023,"Pond and Lake Stewards, Cape Cod Regional Pond Monitoring Program"
"YA-478-01","Miss Thachers Pond",1,0,1,1,"2003","Secchi, Temp, DO, pH, Alk, TP, TP_ugL, TN, Chla, Phaeo, CTI_TP, CTI_Chlorophyll, CTI_Secchi","1, 1, 1, 1, 1, 1, 1, 1, 1, 1, 1, 1, 1","NA, NA, NA, NA, NA, NA, NA, NA, NA, NA, NA, NA, NA",2003,"Pond and Lake Stewards"
"YA-483-01","Perch Pond",1,1,1,1,"2003","Secchi, Temp, DO, pH, Alk, TP, TP_ugL, TN, Chla, Phaeo, CTI_TP, CTI_Chlorophyll, CTI_Secchi","1, 1, 1, 1, 1, 1, 1, 1, 1, 1, 1, 1, 1","NA, NA, NA, NA, NA, NA, NA, NA, NA, NA, NA, NA, NA",2003,"Pond and Lake Stewards"
"YA-492-01","Greenough Pond",11,11,1,1,"2003, 2004, 2005, 2006, 2007, 2008, 2009, 2010, 2011, 2014, 2016","Secchi, Temp, DO, pH, Alk, TP, TP_ugL, TN, Chla, Phaeo, CTI_TP, CTI_Chlorophyll, CTI_Secchi","11, 11, 11, 11, 10, 11, 11, 11, 11, 11, 11, 11, 11","5.2, 22.6, 6.64, 5.49, 1.4, 0.94, 29.12, 19.59, 0.97, 0.88, 52.77, 30.3, 36.24",2016,"Pond and Lake Stewards"
"YA-493-01","Elishas Pond",1,1,1,1,"2003","Secchi, Temp, DO, pH, Alk, TP, TP_ugL, TN, Chla, Phaeo, CTI_TP, CTI_Chlorophyll, CTI_Secchi","1, 1, 1, 1, 1, 1, 1, 1, 1, 1, 1, 1, 1","NA, NA, NA, NA, NA, NA, NA, NA, NA, NA, NA, NA, NA",2003,"Pond and Lake Stewards"
"YA-569-01","Flax Pond",12,12,1,1,"2003, 2004, 2005, 2006, 2007, 2008, 2009, 2010, 2011, 2013, 2014, 2016","Secchi, Temp, DO, pH, Alk, TP, TP_ugL, TN, Chla, Phaeo, CTI_TP, CTI_Chlorophyll, CTI_Secchi","12, 12, 12, 12, 12, 12, 12, 12, 12, 12, 12, 12, 12","4.65, 22.9, 7.05, 6.54, 8.1, 0.94, 29.12, 28.65, 2.92, 0.79, 52.77, 41.11, 37.85",2016,"Pond and Lake Stewards"
"YA-653-01","Plashes Pond",1,0,1,1,"2003","Secchi, Temp, DO, pH, Alk, TP, TP_ugL, TN, Chla, Phaeo, CTI_TP, CTI_Chlorophyll, CTI_Secchi","1, 1, 1, 1, 1, 1, 1, 1, 1, 1, 1, 1, 1","NA, NA, NA, NA, NA, NA, NA, NA, NA, NA, NA, NA, NA",2003,"Pond and Lake Stewards"
"YA-657-01","Long Pond",13,13,1,1,"2001, 2003, 2004, 2005, 2006, 2007, 2008, 2009, 2010, 2011, 2013, 2014, 2016","Secchi, Temp, DO, pH, Alk, TP, TP_ugL, TN, Chla, Phaeo, CTI_TP, CTI_Chlorophyll, CTI_Secchi","13, 13, 13, 13, 13, 13, 13, 13, 13, 13, 13, 13, 13","4, 21.8, 7.24, 6.69, 21.5, 1.01, 31.28, 43.25, 2.96, 38.63, 53.8, 41.25, 40.02",2016,"Pond and Lake Stewards"
"YA-692-01","Horse Pond",3,3,1,1,"2003, 2004, 2005","Secchi, Temp, DO, pH, Alk, TP, TP_ugL, TN, Chla, Phaeo, CTI_TP, CTI_Chlorophyll, CTI_Secchi","3, 3, 3, 3, 3, 3, 3, 3, 3, 3, 3, 3, 3","NA, NA, NA, NA, NA, NA, NA, NA, NA, NA, NA, NA, NA",2005,"Pond and Lake Stewards"
"YA-693-01","James Pond",2,2,2,1.5,"2003, 2023","Secchi, Temp, DO, DO_sat, pH, Alk, TP, TP_ugL, TN, Chla, Phaeo, CTI_TP, CTI_Chlorophyll, CTI_Secchi, ATemp, NH4, NOX, DO_Final, DO_sat_Final, PO4, ORP, Sal, Cond","2, 2, 2, 1, 2, 2, 2, 1, 2, 2, 2, 1, 1, 1, 1, 1, 1, 1, 1, 1, 1, 1, 1","NA, NA, NA, NA, NA, NA, NA, NA, NA, NA, NA, NA, NA, NA, NA, NA, NA, NA, NA, NA, NA, NA, NA",2023,"Pond and Lake Stewards, Cape Cod Regional Pond Monitoring Program"
"YA-700-01","West Sandy Pond",1,1,1,1,"2023","Secchi, Temp, DO, DO_sat, pH, Alk, TP, TN, Chla, Phaeo, ATemp, NH4, NOX, DO_Final, DO_sat_Final, PO4, ORP, Sal, Cond","1, 1, 1, 1, 1, 1, 1, 1, 1, 1, 1, 1, 1, 1, 1, 1, 1, 1, 1","NA, NA, NA, NA, NA, NA, NA, NA, NA, NA, NA, NA, NA, NA, NA, NA, NA, NA, NA",2023,"Cape Cod Regional Pond Monitoring Program"
"YA-711-01","Big Sandy Pond",3,3,1,1,"2003, 2004, 2006","Secchi, Temp, DO, pH, Alk, TP, TP_ugL, TN, Chla, Phaeo, CTI_TP, CTI_Chlorophyll, CTI_Secchi","3, 3, 3, 3, 3, 3, 3, 3, 3, 3, 3, 3, 3","NA, NA, NA, NA, NA, NA, NA, NA, NA, NA, NA, NA, NA",2006,"Pond and Lake Stewards"
"YA-716-01","Jabez Neds Pond",1,1,1,1,"2003","Secchi, Temp, DO, pH, Alk, TP, TP_ugL, TN, Chla, Phaeo, CTI_TP, CTI_Chlorophyll, CTI_Secchi","1, 1, 1, 1, 1, 1, 1, 1, 1, 1, 1, 1, 1","NA, NA, NA, NA, NA, NA, NA, NA, NA, NA, NA, NA, NA",2003,"Pond and Lake Stewards"
