pondID,pond_name,years_data,years_profiles,params,param_years,last_year,param_last_values
BA-391-01,Mill Pond,2,0,"Secchi, Temp, DO, pH, Alkalinity, TP, TP_ugL, TN, Chlorophyll, Phaeophytin, CTI_TP, CTI_Chlorophyll, CTI_Secchi","2, 2, 2, 2, 2, 2, 1, 2, 2, 2, 1, 1, 1",2020,"0.8, 23.1, 9.66, 6.77, 40, 1.74, 24.78, 47.72, 0.41, 0.26, 50.44, 26.52, 63.22"
BA-411-01,Hinckley Pond,12,9,"Secchi, Temp, DO, pH, Alkalinity, TP, TP_ugL, TN, Chlorophyll, Phaeophytin, Total.Pigments, CTI_TP, CTI_Chlorophyll, CTI_Secchi, Wind","10, 11, 11, 11, 11, 11, 9, 10, 11, 11, 2, 9, 9, 8, 1",2020,"1.4, 22.6, 8.76, 7.23, 31.7, 0.91, 42.12, 72.85, 6.11, 0.03, 23.96, 58.09, 53.84, 50.83, 1"
BA-510-01,Garretts Pond,11,11,"Secchi, Temp, DO, pH, Alkalinity, TP, TP_ugL, TN, Chlorophyll, Phaeophytin, Total.Pigments, CTI_TP, CTI_Chlorophyll, CTI_Secchi, Wind","11, 11, 11, 11, 11, 11, 9, 11, 11, 11, 1, 8, 9, 9, 1",2020,"4.19, 22.8, 8.21, 5.51, 5.9, 0.46, 12.39, 26.19, 1.05, 0.21, 3.33, 13.1, 42.81, 37.99, 1"
BA-523-01,No Bottom Pond,2,2,"Secchi, Temp, DO, pH, Alkalinity, TP, TP_ugL, TN, Chlorophyll, Phaeophytin, CTI_TP, CTI_Chlorophyll, CTI_Secchi","2, 2, 2, 2, 2, 2, 1, 2, 2, 2, 1, 1, 1",2020,"3.54, 24.5, 7.28, 6.09, 6.9, 0.87, 21.68, 53.71, 6.16, 0.03, 48.51, 47.03, 47.87"
BA-564-01,Little Pond,13,0,"Secchi, Temp, DO, pH, Alkalinity, TP, TP_ugL, TN, Chlorophyll, Phaeophytin, Total.Pigments, CTI_TP, CTI_Chlorophyll, CTI_Secchi, Wind","12, 13, 13, 13, 13, 13, 11, 13, 13, 13, 2, 11, 11, 10, 1",2020,"0.49, 22.4, 5.38, 5.23, 2.1, 1.16, 11.46, 54.31, 6.54, 0.84, 8.05, 39.32, 46.27, 69.99, 2"
BA-565-01,Hathaway Pond (North),10,10,"Secchi, Temp, DO, pH, Alkalinity, TP, TP_ugL, TN, Chlorophyll, Phaeophytin, Total.Pigments, CTI_TP, CTI_Chlorophyll, CTI_Secchi, Wind","10, 10, 10, 10, 10, 10, 7, 10, 10, 10, 1, 7, 7, 7, 1",2020,"5.89, 23.3, 8.38, 6, 2.6, 0.58, 3.41, 17.81, 0.38, 0.13, 2.7, 21.84, 31.89, 37.1, 2"
BA-584-01,Mystic Lake,17,17,"Secchi, Temp, DO, pH, Alkalinity, TP, TP_ugL, TN, Chlorophyll, Phaeophytin, Total.Pigments, CTI_TP, CTI_Chlorophyll, CTI_Secchi, Wind","17, 17, 17, 17, 17, 17, 14, 17, 17, 16, 2, 14, 14, 14, 1",2020,"2.8, 23.4, 8.25, 6.9, 23.3, 0.73, 14.25, 27.08, 0.82, 0.03, 5.24, 42.46, 44.93, 41.15, 2"
BA-594-01,Hathaway Pond (South),2,1,"Secchi, Temp, DO, pH, Alkalinity, TP, TP_ugL, TN, Chlorophyll, Phaeophytin, CTI_TP, CTI_Chlorophyll, CTI_Secchi","2, 2, 2, 2, 2, 2, 1, 2, 2, 2, 1, 1, 1",2020,"2.1, 25.1, 7.84, 5.01, 0.7, 0.39, 8.05, 22.09, 2.33, 0.03, 34.23, 28.29, 60"
BA-605-01,Wequaquet Lake,9,8,"Secchi, Temp, DO, pH, Alkalinity, TP, TP_ugL, TN, Chlorophyll, Phaeophytin, Total.Pigments, CTI_TP, CTI_Chlorophyll, CTI_Secchi, Wind","8, 8, 8, 8, 8, 7, 5, 7, 7, 7, 1, 5, 5, 6, 1",2019,"3.65, 24.2, 8.18, 6.61, 13.6, 0.54, 15.18, 18.12, 3.54, 1.75, 5.3, 43.37, 46.45, 50.38, 3"
BA-605-03,Wequaquet Lake,2,2,"Secchi, Temp, DO, pH, Alkalinity, TP, TP_ugL, TN, Chlorophyll, Phaeophytin, Total.Pigments, CTI_Chlorophyll, CTI_Secchi, Wind","2, 2, 2, 2, 2, 2, 1, 2, 2, 2, 1, 1, 1, 1",2019,"5.01, 23.8, 8.15, 6.64, 12.5, 0.5, 18.58, 23.33, 1.99, 0.61, 2.6, 37.55, 36.81, 2"
BA-617-01,Bearse Pond,13,12,"Secchi, Temp, DO, pH, Alkalinity, TP, TP_ugL, TN, Chlorophyll, Phaeophytin, Total.Pigments, CTI_TP, CTI_Chlorophyll, CTI_Secchi","12, 12, 12, 12, 12, 12, 10, 11, 12, 12, 1, 9, 10, 10",2020,"1.93, 24.5, 8.02, 6.48, 14.3, 0.76, 15.49, 31.57, 0.18, 1.06, 11.92, 40.44, 45.18, 41.82"
BA-626-01,Shallow Pond,11,11,"Secchi, Temp, DO, pH, Alkalinity, TP, TP_ugL, TN, Chlorophyll, Phaeophytin, Total.Pigments, CTI_TP, CTI_Chlorophyll, CTI_Secchi, Wind","11, 11, 11, 11, 11, 11, 9, 11, 11, 11, 1, 8, 9, 9, 1",2020,"2.25, 23.2, 7.12, 5.97, 4.2, 0.54, 15.49, 34.86, 0.4, 0.09, 5.27, 23.09, 40.67, 48.19, 1"
BA-640-01,Middle Pond,17,17,"Secchi, Temp, DO, pH, Alkalinity, TP, TP_ugL, TN, Chlorophyll, Phaeophytin, Total.Pigments, CTI_TP, CTI_Chlorophyll, CTI_Secchi, Wind","16, 17, 17, 17, 17, 17, 14, 17, 17, 16, 2, 14, 14, 13, 1",2020,"4.1, 24, 8.03, 6.9, 21.9, 0.44, 15.18, 22.6, 0.19, 0.04, 4.33, 43.37, 39.19, 39.84, 2"
BA-646-01,Mary Dunn Pond,11,7,"Secchi, Temp, DO, pH, Alkalinity, TP, TP_ugL, TN, Chlorophyll, Phaeophytin, Total.Pigments, CTI_TP, CTI_Chlorophyll, CTI_Secchi, Wind","10, 11, 11, 11, 11, 11, 8, 11, 11, 11, 1, 8, 8, 7, 1",2020,"1.33, 23.1, 7.76, 6.11, 4.2, 0.73, 14.56, 42.34, 0.28, 0.04, 6.16, 42.77, 36.58, 50.6, 2"
BA-664-01,Shubael Pond,12,12,"Secchi, Temp, DO, pH, Alkalinity, TP, TP_ugL, TN, Chlorophyll, Phaeophytin, Total.Pigments, CTI_TP, CTI_Chlorophyll, CTI_Secchi, Wind","12, 12, 12, 12, 12, 12, 10, 12, 12, 12, 1, 10, 10, 10, 1",2020,"5.86, 24.4, 8.33, 6.8, 19, 0.62, 15.49, 32.17, 1.61, 0.03, 3.99, 43.66, 35.81, 36.92, 3"
BA-668-01,Hamblin Pond,17,17,"Secchi, Temp, DO, pH, Alkalinity, TP, TP_ugL, TN, Chlorophyll, Phaeophytin, Total.Pigments, CTI_TP, CTI_Chlorophyll, CTI_Secchi","16, 17, 17, 16, 16, 16, 14, 16, 16, 16, 2, 14, 14, 14",2020,"6.5, 23.7, 8.22, 6.77, 17.4, 0.87, 9.91, 57.3, 0.16, 0.03, 1.53, 37.22, 38.33, 32.17"
BA-675-01,Long Pond,8,8,"Secchi, Temp, DO, pH, Alkalinity, TP, TP_ugL, TN, Chlorophyll, Phaeophytin, Total.Pigments, CTI_TP, CTI_Chlorophyll, CTI_Secchi, Wind","8, 8, 8, 8, 8, 8, 6, 8, 8, 8, 1, 5, 6, 6, 1",2020,"8.84, 24.15, 8.57, 7, 19.9, 0.58, 12.39, 48.02, 1.78, 0.06, 9.98, 31.81, 34.77, 47.29, 3"
BA-691-01,Round Pond,13,13,"Secchi, Temp, DO, pH, Alkalinity, TP, TP_ugL, TN, Chlorophyll, Phaeophytin, Total.Pigments, CTI_TP, CTI_Chlorophyll, CTI_Secchi, Wind","13, 13, 13, 13, 13, 13, 11, 13, 13, 13, 1, 10, 11, 11, 1",2020,"3.01, 25.4, 8.34, 6.61, 17.3, 0.84, 30.97, 35.76, 3.41, 0.03, 20.25, 21.84, 58.8, 49.59, 3"
BA-694-01,Muddy Pond,12,12,"Secchi, Temp, DO, pH, Alkalinity, TP, TP_ugL, TN, Chlorophyll, Phaeophytin, Total.Pigments, CTI_TP, CTI_Chlorophyll, CTI_Secchi, Wind","12, 12, 12, 12, 12, 12, 10, 12, 12, 12, 1, 9, 10, 10, 1",2020,"2.06, 24.4, 7.86, 6.37, 11.4, 0.84, 24.78, 34.26, 2.07, 1.2, 13.61, 41.49, 46.94, 52.1, 2"
BA-719-01,Lumbert Pond,11,1,"Secchi, Temp, DO, pH, Alkalinity, TP, TP_ugL, TN, Chlorophyll, Phaeophytin, Total.Pigments, CTI_TP, CTI_Chlorophyll, CTI_Secchi, Wind","11, 11, 11, 11, 11, 11, 9, 11, 11, 11, 1, 8, 9, 9, 1",2020,"0.69, 23, 11.07, 6.85, 27.4, 1.02, 21.68, 114.74, 9.99, 2.23, 12.53, 40.44, 62.55, 71.51, 3"
BA-723-01,Dunns Pond,4,3,"Secchi, Temp, DO, pH, Alkalinity, TP, TP_ugL, TN, Chlorophyll, Phaeophytin, Total.Pigments, CTI_TP, CTI_Chlorophyll, CTI_Secchi, Wind","4, 4, 4, 4, 4, 4, 2, 4, 3, 3, 1, 1, 2, 2, 1",2020,"0.46, 25.1, 7.6, 6.32, 12.5, 2.91, 52.66, 121.32, 38.13, 21.8, 59.93, 80.95, 63.92, 69.15, 2"
BA-737-01,Long Pond,4,4,"Secchi, Temp, DO, pH, Alkalinity, TP, TP_ugL, TN, Chlorophyll, Phaeophytin, CTI_TP, CTI_Chlorophyll, CTI_Secchi","4, 4, 4, 4, 4, 4, 3, 4, 4, 4, 3, 3, 3",2020,"3.45, 23.8, 7.78, 6.73, 20.6, 0.73, 6.19, 38.15, 2.32, 0.76, 30.44, 58.46, 49.66"
BA-746-01,Mill Pond,16,1,"Secchi, Temp, DO, pH, Alkalinity, TP, TP_ugL, TN, Chlorophyll, Phaeophytin, Total.Pigments, CTI_TP, CTI_Chlorophyll, CTI_Secchi, Wind","14, 16, 16, 16, 16, 15, 12, 16, 16, 16, 2, 11, 13, 12, 1",2020,"0.46, 17.5, 9.68, 6.78, 29, 1.6, 49.56, 72.26, 2.09, 0.29, 5.37, 50.26, 34.9, 72.5, 1"
BA-748-01,Fawcetts Pond,3,0,"Secchi, Temp, DO, pH, Alkalinity, TP, TP_ugL, TN, Chlorophyll, Phaeophytin, CTI_TP, CTI_Chlorophyll, CTI_Secchi","3, 3, 3, 3, 3, 3, 2, 3, 3, 3, 2, 2, 2",2020,"1.22, 20, 8.21, 7.53, 79.3, 0.69, 3.1, 59.39, 20.43, 0.03, 20.46, 28.41, 56.22"
BA-756-01,Aunt Bettys Pond,11,1,"Secchi, Temp, DO, pH, Alkalinity, TP, TP_ugL, TN, Chlorophyll, Phaeophytin, Total.Pigments, CTI_TP, CTI_Chlorophyll, CTI_Secchi, Wind","10, 11, 11, 11, 11, 11, 9, 11, 11, 11, 1, 8, 9, 8, 1",2020,"0.74, 22.9, 7.69, 7.22, 48.2, 0.65, 18.58, 78.54, 0.79, 0.03, 3.61, 17.25, 38.73, 64.34, 2"
BA-759-01,Lovells Pond,14,14,"Secchi, Temp, DO, pH, Alkalinity, TP, TP_ugL, TN, Chlorophyll, Phaeophytin, Total.Pigments, CTI_TP, CTI_Chlorophyll, CTI_Secchi, Wind","14, 14, 14, 14, 14, 14, 12, 14, 14, 13, 1, 11, 12, 12, 1",2020,"3.25, 25.3, 9.07, 7.11, 16.4, 0.58, 12.39, 27.38, 0.3, 0.11, 2.7, 51.31, 33.47, 41.58, 1"
BA-782-01,Red Lily Pond,11,1,"Secchi, Temp, DO, pH, Alkalinity, TP, TP_ugL, TN, Chlorophyll, Phaeophytin, Total.Pigments, CTI_TP, CTI_Chlorophyll, CTI_Secchi, Wind","11, 11, 11, 11, 11, 11, 9, 11, 11, 11, 1, 8, 9, 9, 1",2020,"0.89, 23.7, 5.63, 6.31, 30.9, 0.62, 12.39, 101.87, 2.18, 0.53, 4.29, 28.94, 31.08, 71.19, 3"
BA-795-01,Lake Elizabeth,11,9,"Secchi, Temp, DO, pH, Alkalinity, TP, TP_ugL, TN, Chlorophyll, Phaeophytin, Total.Pigments, CTI_TP, CTI_Chlorophyll, CTI_Secchi, Wind","10, 10, 10, 11, 11, 11, 9, 11, 11, 11, 1, 8, 9, 8, 1",2020,"1.77, 25, 7.5, 6.91, 41, 0.62, 12.39, 35.76, 3.31, 0.03, 3.22, 25.32, 44.25, 51.98, 2"
BA-797-01,Micah Pond,14,14,"Secchi, Temp, DO, pH, Alkalinity, TP, TP_ugL, TN, Chlorophyll, Phaeophytin, Total.Pigments, CTI_TP, CTI_Chlorophyll, CTI_Secchi, Wind","13, 13, 13, 14, 14, 14, 12, 13, 14, 14, 2, 11, 12, 11, 1",2020,"7.25, 27.3, 7.84, 5.88, 2.3, 0.39, 9.29, 24.99, 0, 0.07, 1.45, 30.44, 38.6, 39.44, 2"
BA-802-01,Bog Pond,16,0,"Secchi, Temp, DO, pH, Alkalinity, TP, TP_ugL, TN, Chlorophyll, Phaeophytin, Total.Pigments, CTI_TP, CTI_Chlorophyll, CTI_Secchi, Wind","14, 16, 16, 16, 16, 16, 14, 16, 16, 16, 2, 12, 14, 12, 1",2020,"0.29, 21, 7.51, 6.87, 40, 0.87, 21.68, 64.78, 2.97, 0.64, 33.06, 54.5, 39.39, 73.57, 1"
BA-806-01,Schoolhouse Pond,11,11,"Secchi, Temp, DO, pH, Alkalinity, TP, TP_ugL, TN, Chlorophyll, Phaeophytin, Total.Pigments, CTI_TP, CTI_Chlorophyll, CTI_Secchi, Wind","11, 11, 11, 11, 11, 11, 9, 11, 11, 11, 1, 8, 9, 9, 1",2020,"1.7, 22.7, 8.26, 7.38, 56.4, 1.96, 55.75, 57, 2.3, 0.03, 21.82, 82.59, 63.63, 59.5, 1"
BA-807-01,Joshua Pond,14,13,"Secchi, Temp, DO, pH, Alkalinity, TP, TP_ugL, TN, Chlorophyll, Phaeophytin, Total.Pigments, CTI_TP, CTI_Chlorophyll, CTI_Secchi, Wind","13, 13, 13, 14, 14, 14, 12, 13, 14, 14, 2, 11, 12, 11, 1",2020,"5.13, 27.7, 7.88, 5.14, 0.7, 0.39, 9.29, 19.01, 0.1, 0.02, 2.24, 34.23, 31.08, 30.06, 2"
BA-815-01,Eagle Pond,14,14,"Secchi, Temp, DO, pH, Alkalinity, TP, TP_ugL, TN, Chlorophyll, Phaeophytin, Total.Pigments, CTI_TP, CTI_Chlorophyll, CTI_Secchi, Wind","14, 14, 14, 14, 14, 14, 12, 14, 14, 14, 1, 11, 12, 12, 1",2020,"4.37, 25.7, 7.68, 6.57, 14.6, 0.62, 12.39, 38.45, 0, 0.19, 2.15, 37.67, 38.06, 41.99, 2"
BA-819-01,Coleman Pond,1,1,"Secchi, Temp, DO, pH, Alkalinity, TP, TP_ugL, TN, Chlorophyll, Phaeophytin, CTI_TP, CTI_Chlorophyll, CTI_Secchi","1, 1, 1, 1, 1, 1, 1, 1, 1, 1, 1, 1, 1",2001,"2.5, 24.4, 7.18, 6.11, 2.1, 0.56, 17.35, 31.6, 3.9, 2.25, 45.3, 43.95, 46.8"
BA-874-01,Neck Pond,14,14,"Secchi, Temp, DO, pH, Alkalinity, TP, TP_ugL, TN, Chlorophyll, Phaeophytin, Total.Pigments, CTI_TP, CTI_Chlorophyll, CTI_Secchi, Wind","14, 14, 14, 13, 13, 13, 12, 13, 13, 13, 2, 11, 12, 12, 1",2020,"5.8, 24.5, 8.11, 6.55, 18.2, 0.34, 6.19, 24.78, 3.29, 0.39, 3.67, 57.1, 39.74, 38.21, 2"
BA-875-01,Parker Pond,14,14,"Secchi, Temp, DO, pH, Alkalinity, TP, TP_ugL, TN, Chlorophyll, Phaeophytin, Total.Pigments, CTI_TP, CTI_Chlorophyll, CTI_Secchi, Wind","14, 14, 14, 13, 13, 13, 12, 13, 13, 13, 2, 11, 12, 12, 1",2020,"1.39, 23.5, 9.42, 6.8, 25.8, 0.76, 21.68, 34.39, 10.58, 7.95, 18.52, 42.46, 41.38, 55.2, 2"
BA-878-01,Crystal Lake,14,14,"Secchi, Temp, DO, pH, Alkalinity, TP, TP_ugL, TN, Chlorophyll, Phaeophytin, Total.Pigments, CTI_TP, CTI_Chlorophyll, CTI_Secchi, Wind","14, 14, 14, 13, 13, 13, 12, 13, 13, 13, 2, 11, 12, 12, 1",2020,"4.5, 24.9, 8.41, 6.4, 10, 0.37, 15.49, 19.02, 2.29, 0.85, 3.14, 54.63, 41.25, 37.99, 2"
BA-881-01,Lewis Pond,14,14,"Secchi, Temp, DO, pH, Alkalinity, TP, TP_ugL, TN, Chlorophyll, Phaeophytin, Total.Pigments, CTI_TP, CTI_Chlorophyll, CTI_Secchi, Wind","14, 14, 14, 14, 14, 14, 12, 14, 14, 13, 1, 11, 12, 12, 1",2020,"1.59, 25.5, 8.12, 7, 25.6, 0.8, 21.68, 33.96, 1.15, 0.03, 15.12, 46.04, 56.24, 53.68, 2"
BA-914-01,Rushy Marsh Pond,7,6,"Secchi, Temp, DO, pH, Alkalinity, TP, TP_ugL, TN, Chlorophyll, Phaeophytin, CTI_TP, CTI_Chlorophyll, CTI_Secchi","6, 7, 7, 7, 7, 7, 7, 7, 7, 7, 7, 7, 6",2014,"1.23, 24.4, 9.06, 7.59, 27.9, 1.34, 41.5, 54.42, 22.36, 7.89, 57.87, 61.08, 57.08"
BO-511-01,Shop Pond,3,3,"Secchi, Temp, DO, pH, Alkalinity, TP, TP_ugL, TN, Chlorophyll, Phaeophytin, CTI_TP, CTI_Chlorophyll, CTI_Secchi","3, 3, 3, 3, 3, 3, 3, 3, 3, 3, 3, 3, 3",2007,"1.54, 17.82, 10.37, 6.23, 7.1, 0.39, 12.1, 43.28, 2.26, 1.48, 40.1, 38.61, 53.78"
BO-538-01,Lily Pond,4,0,"Secchi, Temp, DO, pH, Alkalinity, TP, TP_ugL, TN, Chlorophyll, Phaeophytin, CTI_TP, CTI_Chlorophyll, CTI_Secchi","3, 4, 4, 4, 4, 4, 4, 4, 4, 4, 4, 4, 3",2007,"0.74, 22, 5.77, 6.07, 3.5, 0.54, 16.86, 46.92, 4.41, 1.93, 44.89, 45.15, 64.34"
BO-556-01,Flax Pond,5,4,"Secchi, Temp, DO, pH, Alkalinity, TP, TP_ugL, TN, Chlorophyll, Phaeophytin, CTI_TP, CTI_Chlorophyll, CTI_Secchi","4, 5, 5, 5, 5, 5, 5, 5, 5, 5, 5, 5, 4",2007,"1.85, 22.22, 9.16, 6.36, 6.2, 0.17, 5.36, 34.21, 0.65, 0.11, 28.36, 26.33, 51.14"
BO-578-01,Fish and Game Pond (South),1,0,"Secchi, Temp, DO, pH, Alkalinity, TP, TP_ugL, TN, Chlorophyll, Phaeophytin, CTI_TP, CTI_Chlorophyll, CTI_Secchi","1, 1, 1, 1, 1, 1, 1, 1, 1, 1, 1, 1, 1",2001,"0.8, 20.4, 7.88, 6.5, 5, 0.77, 23.85, 59, 2.88, 3.97, 49.89, 40.98, 63.22"
BO-644-01,Red Brook Pond,6,5,"Secchi, Temp, DO, pH, Alkalinity, TP, TP_ugL, TN, Chlorophyll, Phaeophytin, CTI_TP, CTI_Chlorophyll, CTI_Secchi","5, 6, 6, 6, 6, 6, 6, 6, 6, 6, 6, 6, 5",2007,"1.42, 20.19, 10.4, 6.62, 9.1, 0.32, 9.92, 22.12, 1.7, 1.3, 37.24, 35.81, 54.95"
BR-1028-01,Cliff Pond,14,14,"Secchi, Temp, DO, pH, Alkalinity, TP, TP_ugL, TN, Chlorophyll, Phaeophytin, Total.Pigments, CTI_TP, CTI_Chlorophyll, CTI_Secchi","14, 14, 14, 14, 14, 14, 14, 14, 14, 14, 1, 14, 14, 14",2016,"3.22, 24.1, 9.02, 6.73, 8.1, 0.34, 10.53, 28.71, 3.86, 0.86, 4.73, 38.1, 43.85, 43.17"
BR-162-01,Owl Pond,12,12,"Secchi, Temp, DO, pH, Alkalinity, TP, TP_ugL, TN, Chlorophyll, Phaeophytin, Total.Pigments, CTI_TP, CTI_Chlorophyll, CTI_Secchi","12, 12, 12, 12, 12, 12, 12, 12, 12, 12, 1, 12, 12, 12",2016,"5.8, 23.4, 5.92, 6.02, 2.8, 0.97, 30.04, 27.99, 4.31, 2.33, 6.64, 53.21, 44.93, 34.67"
BR-168-01,Flax Pond,14,14,"Secchi, Temp, DO, pH, Alkalinity, TP, TP_ugL, TN, Chlorophyll, Phaeophytin, Total.Pigments, CTI_TP, CTI_Chlorophyll, CTI_Secchi","14, 14, 14, 14, 14, 14, 14, 14, 14, 14, 1, 14, 14, 14",2016,"5.24, 23.5, 9.26, 6.46, 5.8, 0.34, 10.53, 27.37, 3.64, 0.03, 3.67, 38.1, 43.27, 36.13"
BR-177-01,Myricks Pond,13,13,"Secchi, Temp, DO, pH, Alkalinity, TP, TP_ugL, TN, Chlorophyll, Phaeophytin, Total.Pigments, CTI_TP, CTI_Chlorophyll, CTI_Secchi","13, 13, 13, 13, 13, 13, 13, 13, 13, 13, 1, 13, 13, 13",2016,"1.4, 24, 8.9, 6.92, 13.3, 0.76, 23.54, 62.71, 50.21, 5.47, 55.68, 49.7, 69.02, 55.15"
BR-179-01,Cobbs Pond,14,14,"Secchi, Temp, DO, pH, Alkalinity, TP, TP_ugL, TN, Chlorophyll, Phaeophytin, Total.Pigments, CTI_TP, CTI_Chlorophyll, CTI_Secchi","14, 14, 14, 14, 14, 14, 14, 14, 14, 14, 1, 14, 14, 14",2016,"1.71, 23.5, 8.91, 7.19, 28, 1.36, 42.12, 66.22, 26.57, 20.42, 47, 58.09, 62.77, 52.31"
BR-180-01,Blueberry Pond,14,14,"Secchi, Temp, DO, pH, Alkalinity, TP, TP_ugL, TN, Chlorophyll, Phaeophytin, Total.Pigments, CTI_TP, CTI_Chlorophyll, CTI_Secchi","13, 14, 14, 14, 14, 14, 14, 14, 14, 14, 1, 14, 14, 13",2016,"3.07, 23.8, 8.46, 6.61, 8, 0.54, 16.73, 43.25, 12.42, 6.9, 19.32, 44.77, 55.31, 43.86"
BR-189-01,Sols Pond,11,11,"Secchi, Temp, DO, pH, Alkalinity, TP, TP_ugL, TN, Chlorophyll, Phaeophytin, Total.Pigments, CTI_TP, CTI_Chlorophyll, CTI_Secchi","11, 11, 11, 11, 11, 10, 10, 10, 10, 10, 1, 10, 10, 11",2016,"3.15, 23.8, 9.8, 6.34, 14.1, 1.17, 36.24, 42.9, 7.79, 4.51, 12.3, 55.92, 50.74, 43.47"
BR-192-01,Little Cliff Pond,14,14,"Secchi, Temp, DO, pH, Alkalinity, TP, TP_ugL, TN, Chlorophyll, Phaeophytin, Total.Pigments, CTI_TP, CTI_Chlorophyll, CTI_Secchi","14, 14, 14, 14, 14, 14, 14, 14, 14, 14, 1, 14, 14, 14",2016,"4.18, 23.7, 7.88, 5.95, 7.9, 0.46, 14.25, 27.94, 3.59, 1.88, 5.47, 42.46, 43.14, 39.41"
BR-194-01,Higgins Pond,14,14,"Secchi, Temp, DO, pH, Alkalinity, TP, TP_ugL, TN, Chlorophyll, Phaeophytin, Total.Pigments, CTI_TP, CTI_Chlorophyll, CTI_Secchi","14, 14, 14, 14, 14, 14, 14, 14, 14, 14, 1, 14, 14, 14",2016,"6.4, 24.1, 8.49, 6.37, 7.1, 0.17, 5.27, 21.34, 1.14, 1.13, 2.28, 28.12, 31.89, 33.25"
BR-202-01,Eel Pond,6,6,"Secchi, Temp, DO, pH, Alkalinity, TP, TP_ugL, TN, Chlorophyll, Phaeophytin, CTI_TP, CTI_Chlorophyll, CTI_Secchi","5, 6, 6, 6, 6, 6, 6, 6, 6, 6, 6, 6, 5",2009,"2.74, 20.7, 8.02, 6.09, 3.4, 1.18, 36.46, 38.64, 18.85, 0.76, 56.01, 59.41, 45.48"
BR-205-01,Schoolhouse Pond,14,13,"Secchi, Temp, DO, pH, Alkalinity, TP, TP_ugL, TN, Chlorophyll, Phaeophytin, Total.Pigments, CTI_TP, CTI_Chlorophyll, CTI_Secchi","13, 13, 13, 13, 13, 14, 14, 14, 14, 14, 1, 14, 14, 13",2016,"1.63, 20.2, 6.42, 6.65, 8.8, 1.47, 45.53, 50.92, 20.99, 28.17, 49.16, 59.21, 60.46, 52.96"
BR-225-01,Smith Pond,11,11,"Secchi, Temp, DO, pH, Alkalinity, TP, TP_ugL, TN, Chlorophyll, Phaeophytin, Total.Pigments, CTI_TP, CTI_Chlorophyll, CTI_Secchi","11, 11, 11, 11, 11, 11, 11, 11, 11, 11, 1, 11, 11, 11",2016,"2.35, 23.7, 6.47, 6.41, 9.9, 0.95, 29.43, 63.98, 13.16, 7.39, 20.55, 52.92, 55.88, 47.69"
BR-240-01,Sheep Pond,14,14,"Secchi, Temp, DO, pH, Alkalinity, TP, TP_ugL, TN, Chlorophyll, Phaeophytin, Total.Pigments, CTI_TP, CTI_Chlorophyll, CTI_Secchi","14, 14, 14, 14, 14, 14, 14, 14, 14, 14, 1, 14, 14, 14",2016,"7, 24.1, 8.21, 6.4, 5.2, 0.32, 9.91, 22.88, 1.89, 0.73, 2.62, 37.22, 36.84, 31.96"
BR-245-01,Lower Mill Pond,14,13,"Secchi, Temp, DO, pH, Alkalinity, TP, TP_ugL, TN, Chlorophyll, Phaeophytin, Total.Pigments, CTI_TP, CTI_Chlorophyll, CTI_Secchi","13, 13, 13, 14, 14, 14, 14, 14, 14, 14, 1, 14, 14, 13",2016,"1.15, 24, 6.6, 6.36, 10.1, 1.01, 31.28, 48.45, 21.1, 9.75, 30.84, 53.8, 60.51, 57.99"
BR-248-01,Griffiths Pond,14,13,"Secchi, Temp, DO, pH, Alkalinity, TP, TP_ugL, TN, Chlorophyll, Phaeophytin, Total.Pigments, CTI_TP, CTI_Chlorophyll, CTI_Secchi","14, 14, 14, 14, 14, 14, 14, 14, 14, 14, 1, 14, 14, 14",2016,"2.35, 23.6, 8.36, 6.25, 3.5, 0.9, 27.88, 46.44, 17.08, 3.67, 20.75, 52.14, 58.44, 47.69"
BR-269-01,Canoe Pond,14,14,"Secchi, Temp, DO, pH, Alkalinity, TP, TP_ugL, TN, Chlorophyll, Phaeophytin, Total.Pigments, CTI_TP, CTI_Chlorophyll, CTI_Secchi","14, 14, 14, 14, 14, 14, 14, 14, 14, 14, 1, 14, 14, 14",2016,"3.03, 22.8, 7.6, 6.95, 28.6, 0.6, 18.58, 42.3, 6.19, 5.77, 11.95, 46.29, 48.48, 44.05"
BR-272-01,Upper Mill Pond,14,13,"Secchi, Temp, DO, pH, Alkalinity, TP, TP_ugL, TN, Chlorophyll, Phaeophytin, Total.Pigments, CTI_TP, CTI_Chlorophyll, CTI_Secchi","14, 13, 13, 14, 14, 14, 14, 14, 14, 14, 1, 14, 14, 14",2016,"1.73, 23.6, 7.81, 6.37, 8.5, 0.9, 27.88, 38.89, 12.33, 7.47, 19.8, 52.14, 55.24, 52.1"
BR-279-01,Long Pond,13,13,"Secchi, Temp, DO, pH, Alkalinity, TP, TP_ugL, TN, Chlorophyll, Phaeophytin, CTI_TP, CTI_Chlorophyll, CTI_Secchi","11, 13, 13, 13, 13, 13, 13, 13, 13, 13, 13, 13, 11",2014,"5, 24.4, 8.08, 6.27, 2.3, 0.5, 15.49, 21.21, 8.57, 2.65, 43.66, 51.67, 36.81"
BR-279-02,Long Pond,3,3,"Secchi, Temp, DO, pH, Alkalinity, TP, TP_ugL, TN, Chlorophyll, Phaeophytin, CTI_TP, CTI_Chlorophyll, CTI_Secchi","2, 3, 3, 1, 1, 1, 1, 1, 1, 1, 1, 1, 2",2013,"3.7, 20.9, 8.16, 6.34, 3.5, 0.59, 18.27, 26.51, 2.13, 1.57, 46.04, 38.02, 41.15"
BR-299-01,Cahoon Pond,13,12,"Secchi, Temp, DO, pH, Alkalinity, TP, TP_ugL, TN, Chlorophyll, Phaeophytin, Total.Pigments, CTI_TP, CTI_Chlorophyll, CTI_Secchi","13, 13, 13, 13, 13, 13, 13, 13, 13, 13, 1, 13, 13, 13",2016,"4.05, 23.2, 6.84, 5.81, 2.6, 0.34, 10.53, 39.2, 1.1, 2.4, 3.5, 38.1, 31.53, 39.84"
BR-305-01,Greenland Pond,13,13,"Secchi, Temp, DO, pH, Alkalinity, TP, TP_ugL, TN, Chlorophyll, Phaeophytin, Total.Pigments, CTI_TP, CTI_Chlorophyll, CTI_Secchi","13, 13, 13, 13, 13, 13, 13, 13, 13, 12, 1, 13, 13, 13",2016,"3.42, 25.1, 8.33, 6.18, 5.5, 0.43, 13.32, 39.51, 4.79, 2.73, 7.51, 41.49, 45.97, 42.28"
BR-313-01,Walkers Pond,14,10,"Secchi, Temp, DO, pH, Alkalinity, TP, TP_ugL, TN, Chlorophyll, Phaeophytin, Total.Pigments, CTI_TP, CTI_Chlorophyll, CTI_Secchi","14, 14, 14, 14, 14, 14, 14, 14, 14, 14, 1, 14, 14, 14",2016,"0.52, 24, 9.23, 7.03, 10.5, 2.31, 71.55, 108.31, 90.57, 12.4, 102.97, 65.73, 74.81, 69.56"
BR-314-01,Smalls Pond,13,13,"Secchi, Temp, DO, pH, Alkalinity, TP, TP_ugL, TN, Chlorophyll, Phaeophytin, Total.Pigments, CTI_TP, CTI_Chlorophyll, CTI_Secchi","13, 13, 13, 13, 13, 12, 12, 12, 13, 13, 1, 12, 13, 13",2016,"1.86, 23.6, 7.51, 6.89, 21.8, 0.71, 21.99, 45.06, 23.4, 2.3, 25.7, 48.72, 61.53, 51.06"
BR-316-01,Black Pond,12,12,"Secchi, Temp, DO, pH, Alkalinity, TP, TP_ugL, TN, Chlorophyll, Phaeophytin, Total.Pigments, CTI_TP, CTI_Chlorophyll, CTI_Secchi","11, 12, 12, 12, 12, 11, 11, 11, 12, 12, 1, 11, 12, 11",2016,"2.49, 25, 7.3, 5.85, 2.7, 0.71, 21.99, 39.51, 12.16, 32.83, 44.99, 48.72, 55.11, 46.85"
BR-321-01,Slough Pond,13,13,"Secchi, Temp, DO, pH, Alkalinity, TP, TP_ugL, TN, Chlorophyll, Phaeophytin, Total.Pigments, CTI_TP, CTI_Chlorophyll, CTI_Secchi","13, 13, 13, 13, 13, 13, 13, 13, 13, 13, 1, 13, 13, 13",2016,"4.15, 23.3, 7.6, 6.14, 3, 0.32, 9.91, 29, 7.81, 4.2, 12.01, 37.22, 50.76, 39.49"
BR-335-01,Pine Pond,14,14,"Secchi, Temp, DO, pH, Alkalinity, TP, TP_ugL, TN, Chlorophyll, Phaeophytin, Total.Pigments, CTI_TP, CTI_Chlorophyll, CTI_Secchi","14, 14, 14, 14, 14, 14, 14, 14, 14, 14, 1, 14, 14, 14",2016,"5.2, 23.2, 8.4, 5.08, 0.6, 0.17, 5.27, 15.19, 0.75, 0.97, 1.73, 28.12, 27.78, 36.24"
BR-357-01,Elbow Pond,13,12,"Secchi, Temp, DO, pH, Alkalinity, TP, TP_ugL, TN, Chlorophyll, Phaeophytin, Total.Pigments, CTI_TP, CTI_Chlorophyll, CTI_Secchi","11, 11, 11, 12, 12, 13, 13, 13, 13, 13, 1, 13, 13, 11",2016,"4.41, 21.5, 5.8, 6.2, 3.5, 0.34, 10.53, 27.35, 1.29, 1.88, 3.16, 38.1, 33.1, 38.62"
CH-396-01,Stillwater Pond,9,8,"Secchi, Temp, DO, pH, Alkalinity, TP, TP_ugL, TN, Chlorophyll, Phaeophytin, Total.Pigments, CTI_TP, CTI_Chlorophyll, CTI_Secchi","8, 8, 8, 9, 9, 9, 9, 9, 9, 9, 1, 9, 9, 8",2016,"5.32, 23.5, 8.41, 7.39, 33.6, 1.01, 31.28, 25.58, 1.77, 1.58, 3.34, 53.8, 36.2, 35.91"
CH-425-01,Trout Pond,7,7,"Secchi, Temp, DO, pH, Alkalinity, TP, TP_ugL, TN, Chlorophyll, Phaeophytin, CTI_TP, CTI_Chlorophyll, CTI_Secchi","7, 7, 7, 7, 7, 7, 7, 7, 7, 7, 7, 7, 7",2008,"4.64, 22.9, 7.46, 6.17, 2.9, 0.23, 7.12, 19.94, 1.29, 0.87, 32.46, 33.1, 37.88"
CH-428-01,Lovers Lake,9,8,"Secchi, Temp, DO, pH, Alkalinity, TP, TP_ugL, TN, Chlorophyll, Phaeophytin, Total.Pigments, CTI_TP, CTI_Chlorophyll, CTI_Secchi","8, 8, 8, 9, 9, 9, 9, 9, 9, 9, 1, 9, 9, 8",2016,"4.82, 23.6, 8.68, 7.36, 36.7, 1.11, 34.38, 27.23, 5.86, 2.74, 8.6, 55.16, 47.95, 37.35"
CH-439-01,Minister Pond,7,7,"Secchi, Temp, DO, pH, Alkalinity, TP, TP_ugL, TN, Chlorophyll, Phaeophytin, Total.Pigments, CTI_TP, CTI_Chlorophyll, CTI_Secchi","7, 7, 7, 7, 7, 7, 7, 7, 7, 6, 1, 7, 7, 7",2016,"2.08, 23.1, 7.95, 6.56, 15.6, 0.46, 14.25, 26.89, 5.7, 2.66, 8.37, 42.46, 47.67, 49.48"
CH-440-01,Mill Pond,8,8,"Secchi, Temp, DO, pH, Alkalinity, TP, TP_ugL, TN, Chlorophyll, Phaeophytin, Total.Pigments, CTI_TP, CTI_Chlorophyll, CTI_Secchi","8, 8, 8, 8, 8, 8, 8, 8, 8, 7, 1, 8, 8, 8",2016,"3.05, 23, 6.15, 6.62, 25.6, 0.4, 12.39, 40.7, 2.35, 1.73, 4.08, 40.44, 38.98, 43.93"
CH-458-01,Goose Pond,8,8,"Secchi, Temp, DO, pH, Alkalinity, TP, TP_ugL, TN, Chlorophyll, Phaeophytin, Total.Pigments, CTI_TP, CTI_Chlorophyll, CTI_Secchi","8, 8, 8, 8, 8, 8, 8, 8, 8, 8, 1, 8, 8, 8",2016,"5.3, 23.5, 8.16, 6.21, 3.6, 0.87, 26.95, 18.9, 1.14, 0.81, 1.95, 51.65, 31.89, 35.97"
CH-463-01,Schoolhouse Pond,8,8,"Secchi, Temp, DO, pH, Alkalinity, TP, TP_ugL, TN, Chlorophyll, Phaeophytin, Total.Pigments, CTI_TP, CTI_Chlorophyll, CTI_Secchi","8, 8, 8, 8, 8, 8, 8, 8, 8, 8, 1, 8, 8, 8",2016,"7.97, 23.6, 7.96, 6.4, 5.7, 0.32, 9.91, 23.93, 1.17, 1.29, 2.46, 37.22, 32.14, 30.09"
CH-479-01,Barclay Pond,7,7,"Secchi, Temp, DO, pH, Alkalinity, TP, TP_ugL, TN, Chlorophyll, Phaeophytin, CTI_TP, CTI_Chlorophyll, CTI_Secchi","7, 7, 7, 7, 7, 7, 7, 7, 7, 7, 7, 7, 7",2008,"3.14, 21.6, 8.3, 6.42, 5.2, 0.48, 14.87, 23.14, 3.73, 1.99, 43.07, 43.51, 43.51"
CH-481-01,Ryders Pond,8,8,"Secchi, Temp, DO, pH, Alkalinity, TP, TP_ugL, TN, Chlorophyll, Phaeophytin, Total.Pigments, CTI_TP, CTI_Chlorophyll, CTI_Secchi","8, 8, 8, 8, 8, 8, 8, 8, 8, 8, 1, 8, 8, 8",2016,"2.3, 23.3, 6.86, 6.1, 5.8, 0.37, 11.46, 42.46, 4.56, 2.15, 6.71, 39.32, 45.48, 48"
CH-484-01,Marys Pond,6,6,"Secchi, Temp, DO, pH, Alkalinity, TP, TP_ugL, TN, Chlorophyll, Phaeophytin, CTI_TP, CTI_Chlorophyll, CTI_Secchi","6, 6, 6, 6, 6, 6, 6, 6, 6, 6, 6, 6, 6",2008,"2.32, 21.7, 8.19, 6.28, 5.7, 0.51, 15.8, 26.93, 17.46, 2.77, 43.95, 58.66, 47.87"
CH-491-01,Emery Pond,7,7,"Secchi, Temp, DO, pH, Alkalinity, TP, TP_ugL, TN, Chlorophyll, Phaeophytin, CTI_TP, CTI_Chlorophyll, CTI_Secchi","7, 7, 7, 7, 7, 7, 7, 7, 7, 6, 7, 7, 7",2008,"2.49, 19.9, 8.67, 6.65, 11, 0.43, 13.32, 21.92, 4.27, 2.25, 41.49, 44.84, 46.85"
CH-516-01,White Pond,7,7,"Secchi, Temp, DO, pH, Alkalinity, TP, TP_ugL, TN, Chlorophyll, Phaeophytin, CTI_TP, CTI_Chlorophyll, CTI_Secchi","7, 7, 7, 7, 7, 7, 7, 7, 7, 7, 7, 7, 7",2008,"3.95, 19.5, 8.87, 6.64, 11.4, 0.3, 9.29, 21.95, 1.71, 0.66, 36.29, 35.86, 40.2"
CH-522-01,Newty Pond,1,1,"Secchi, Temp, DO, pH, Alkalinity, TP, TP_ugL, TN, Chlorophyll, Phaeophytin, CTI_TP, CTI_Chlorophyll, CTI_Secchi","1, 1, 1, 1, 1, 1, 1, 1, 1, 1, 1, 1, 1",2001,"0.78, 24.29, 4.6, 6.62, 27, 2.41, 74.65, 48.5, 7.23, 4.65, 66.34, 50.01, 63.58"
CH-524-01,Black Pond,7,7,"Secchi, Temp, DO, pH, Alkalinity, TP, TP_ugL, TN, Chlorophyll, Phaeophytin, CTI_TP, CTI_Chlorophyll, CTI_Secchi","7, 7, 7, 7, 7, 7, 7, 7, 7, 6, 7, 7, 7",2008,"1.32, 18.6, 8.76, 6.53, 7, 1.31, 40.58, 35.6, 19.05, 7.52, 57.55, 59.51, 56"
CH-543-01,Blue Pond,6,6,"Secchi, Temp, DO, pH, Alkalinity, TP, TP_ugL, TN, Chlorophyll, Phaeophytin, CTI_TP, CTI_Chlorophyll, CTI_Secchi","6, 6, 6, 6, 6, 6, 6, 6, 6, 6, 6, 6, 6",2008,"3.38, 18, 8.8, 6.66, 9.9, 0.43, 13.32, 24.56, 2.94, 2.53, 41.49, 41.18, 42.45"
CH-550-01,Black Pond,6,6,"Secchi, Temp, DO, pH, Alkalinity, TP, TP_ugL, TN, Chlorophyll, Phaeophytin, CTI_TP, CTI_Chlorophyll, CTI_Secchi","6, 6, 6, 6, 6, 6, 6, 6, 6, 6, 6, 6, 6",2008,"2.4, 18, 7.41, 6.58, 9.7, 0.39, 12.08, 27.77, 2.75, 2.05, 40.08, 40.52, 47.38"
CH-582-01,Meadow View Pond,2,2,"Secchi, Temp, DO, pH, Alkalinity, TP, TP_ugL, TN, Chlorophyll, Phaeophytin, CTI_TP, CTI_Chlorophyll, CTI_Secchi","2, 2, 2, 2, 2, 2, 2, 2, 2, 2, 2, 2, 2",2005,"1.03, 19.44, 13.61, 6.78, 1.96, 0.9, 27.88, 27.6, 23.69, 0.03, 52.14, 61.65, 59.57"
DE-201-01,Coles Pond,14,4,"Secchi, Temp, DO, pH, Alkalinity, TP, TP_ugL, TN, Chlorophyll, Phaeophytin, Total.Pigments, CTI_TP, CTI_Chlorophyll, CTI_Secchi","13, 14, 14, 14, 13, 14, 13, 14, 14, 13, 1, 14, 14, 13",2016,"1.1, 23.2, 7.04, 4.97, 0.6, 0.34, 10.53, 32.31, 5.66, 0.72, 6.37, 38.1, 47.6, 58.63"
DE-236-01,Scargo Lake,16,16,"Secchi, Temp, DO, pH, Alkalinity, TP, TP_ugL, TN, Chlorophyll, Phaeophytin, Total.Pigments, CTI_TP, CTI_Chlorophyll, CTI_Secchi","16, 16, 16, 16, 16, 16, 16, 15, 16, 15, 1, 16, 16, 16",2018,"1.88, 27, 8.53, 7.3, 20.5, 0.47, 14.56, 32.02, 8.04, 1.38, 4.47, 42.77, 51.05, 50.94"
DE-281-01,Cedar Pond,13,13,"Secchi, Temp, DO, pH, Alkalinity, TP, TP_ugL, TN, Chlorophyll, Phaeophytin, CTI_TP, CTI_Chlorophyll, CTI_Secchi","13, 13, 13, 13, 13, 13, 13, 13, 13, 13, 13, 13, 13",2015,"2.53, 26.6, 4.6, 5.75, 4.6, 0.52, 16.11, 21.15, 9.68, 0.05, 44.23, 52.87, 46.65"
DE-325-01,Northern Simmons Pond,14,13,"Secchi, Temp, DO, pH, Alkalinity, TP, TP_ugL, TN, Chlorophyll, Phaeophytin, Total.Pigments, CTI_TP, CTI_Chlorophyll, CTI_Secchi","13, 13, 13, 14, 14, 14, 14, 14, 14, 14, 1, 14, 14, 13",2016,"3, 27.3, 7.25, 6.51, 9.8, 0.29, 8.98, 47.48, 1.29, 2.34, 3.62, 35.8, 33.1, 44.17"
DE-342-01,Bakers Pond,15,15,"Secchi, Temp, DO, pH, Alkalinity, TP, TP_ugL, TN, Chlorophyll, Phaeophytin, CTI_TP, CTI_Chlorophyll, CTI_Secchi","15, 15, 15, 15, 15, 15, 15, 15, 15, 15, 15, 15, 15",2018,"4.1, 25.4, 7, 6.17, 7.5, 0.36, 11.15, 27.3, 1.31, 2.33, 38.92, 33.25, 39.67"
DE-348-01,Run Pond,15,14,"Secchi, Temp, DO, pH, Alkalinity, TP, TP_ugL, TN, Chlorophyll, Phaeophytin, Total.Pigments, CTI_TP, CTI_Chlorophyll, CTI_Secchi","14, 14, 14, 15, 14, 15, 15, 15, 15, 15, 1, 15, 15, 14",2018,"1, 28.6, 6.5, 5.23, 3.8, 1.13, 35, 58.84, 14.4, 1.66, 18.11, 55.42, 56.77, 60"
DE-355-01,Flax Pond,16,16,"Secchi, Temp, DO, pH, Alkalinity, TP, TP_ugL, TN, Chlorophyll, Phaeophytin, Total.Pigments, CTI_TP, CTI_Chlorophyll, CTI_Secchi","16, 16, 16, 16, 14, 16, 16, 16, 16, 16, 1, 16, 16, 16",2018,"3, 25.6, 7.1, 5.54, 1.4, 0.36, 11.15, 14.51, 0.83, 3.44, 8.02, 38.92, 28.77, 44.17"
DE-447-01,Eagle Pond,15,15,"Secchi, Temp, DO, pH, Alkalinity, TP, TP_ugL, TN, Chlorophyll, Phaeophytin, Total.Pigments, CTI_TP, CTI_Chlorophyll, CTI_Secchi","15, 15, 15, 15, 15, 15, 15, 15, 15, 15, 1, 15, 15, 15",2018,"3.5, 27, 7.2, 6.4, 4.8, 0.29, 8.98, 17.75, 0.88, 0.27, 6.71, 35.8, 29.35, 41.95"
DE-597-01,Fresh Pond,14,14,"Secchi, Temp, DO, pH, Alkalinity, TP, TP_ugL, TN, Chlorophyll, Phaeophytin, Total.Pigments, CTI_TP, CTI_Chlorophyll, CTI_Secchi","14, 14, 14, 14, 6, 13, 13, 14, 14, 14, 1, 13, 14, 14",2016,"0.5, 25.1, 5.5, 4.17, 0.25, 0.6, 18.58, 55.51, 12.33, 6.89, 19.22, 46.29, 55.24, 69.99"
EA-100-01,Jemima Pond,13,13,"Secchi, Temp, DO, pH, Alkalinity, TP, TP_ugL, TN, Chlorophyll, Phaeophytin, CTI_TP, CTI_Chlorophyll, CTI_Secchi","13, 13, 13, 13, 13, 13, 12, 13, 13, 13, 12, 12, 12",2017,"3.3, 22.2, 8.22, 6.25, 4.9, 0.65, 10.84, 86.84, 4.46, 2.98, 38.52, 29.99, 43.7"
EA-101-01,Widow Harding Pond,15,13,"Secchi, Temp, DO, pH, Alkalinity, TP, TP_ugL, TN, Chlorophyll, Phaeophytin, Total.Pigments, CTI_TP, CTI_Chlorophyll, CTI_Secchi","15, 13, 13, 15, 15, 15, 14, 14, 15, 15, 1, 14, 14, 14",2017,"1.7, 23.3, 6.56, 6.51, 6, 0.78, 7.12, 62.18, 8.97, 4.52, 3.99, 32.46, 36.74, 43.24"
EA-102-01,Muddy Pond,13,2,"Secchi, Temp, DO, pH, Alkalinity, TP, TP_ugL, TN, Chlorophyll, Phaeophytin, CTI_TP, CTI_Chlorophyll, CTI_Secchi","12, 12, 13, 13, 13, 13, 13, 12, 13, 13, 13, 13, 12",2014,"1.3, 23.3, 6.35, 5.71, 2.1, 1.23, 38.1, 49.78, 10.46, 8.04, 56.64, 53.63, 56.22"
EA-103-01,Herring Pond,15,15,"Secchi, Temp, DO, pH, Alkalinity, TP, TP_ugL, TN, Chlorophyll, Phaeophytin, Total.Pigments, CTI_TP, CTI_Chlorophyll, CTI_Secchi","15, 15, 15, 15, 15, 15, 14, 15, 15, 15, 1, 14, 14, 14",2017,"4.25, 21.5, 8.55, 7.65, 60, 0.41, 10.84, 56.95, 1.74, 0.98, 5.41, 38.52, 45.29, 38.01"
EA-91-01,Molls Pond,15,15,"Secchi, Temp, DO, pH, Alkalinity, TP, TP_ugL, TN, Chlorophyll, Phaeophytin, Total.Pigments, CTI_TP, CTI_Chlorophyll, CTI_Secchi","15, 15, 15, 15, 15, 15, 14, 15, 15, 15, 1, 14, 14, 14",2017,"0.9, 22.6, 9.37, 6.59, 5.8, 1.04, 21.99, 83.93, 12.28, 10.17, 31.06, 48.72, 52.96, 50.01"
EA-92-01,Ministers Pond,15,15,"Secchi, Temp, DO, pH, Alkalinity, TP, TP_ugL, TN, Chlorophyll, Phaeophytin, Total.Pigments, CTI_TP, CTI_Chlorophyll, CTI_Secchi","15, 15, 15, 15, 15, 15, 14, 15, 15, 15, 1, 14, 14, 14",2017,"1.55, 21.2, 6.46, 6.22, 16.1, 0.98, 16.11, 79, 7.34, 15.79, 7.05, 44.23, 40.27, 44.91"
EA-93-01,School House Pond,13,13,"Secchi, Temp, DO, pH, Alkalinity, TP, TP_ugL, TN, Chlorophyll, Phaeophytin, Total.Pigments, CTI_TP, CTI_Chlorophyll, CTI_Secchi","13, 13, 13, 13, 13, 13, 13, 13, 13, 13, 1, 13, 13, 13",2016,"1.95, 23.6, 6.5, 6.5, 13.6, 0.71, 21.99, 43.89, 8.65, 4.26, 12.9, 48.72, 51.77, 50.38"
EA-95-01,Great Pond,15,15,"Secchi, Temp, DO, pH, Alkalinity, TP, TP_ugL, TN, Chlorophyll, Phaeophytin, Total.Pigments, CTI_TP, CTI_Chlorophyll, CTI_Secchi","15, 15, 15, 15, 15, 15, 14, 15, 15, 15, 1, 14, 14, 14",2017,"2.1, 21.5, 8.53, 6.93, 24, 0.45, 15.64, 38.68, 4.49, 2.14, 7.06, 43.8, 45.78, 40.14"
EA-96-01,Depot Pond,1,1,"Secchi, Temp, DO, pH, Alkalinity, TP, TN, Chlorophyll, Phaeophytin","1, 1, 1, 1, 1, 1, 1, 1, 1",2017,"4.3, 22, 7.66, 6.34, 6.3, 0.32, 43.9, 2.67, 4.24"
EA-97-01,Deborahs Pond,1,1,"Secchi, Temp, DO, pH, Alkalinity, TP, TP_ugL, TN, Chlorophyll, Phaeophytin, CTI_TP, CTI_Chlorophyll, CTI_Secchi","1, 1, 1, 1, 1, 1, 1, 1, 1, 1, 1, 1, 1",2001,"1.2, 18.6, 1.98, 5.91, 8.1, 0.41, 12.7, 42.8, 4.13, 3.21, 40.8, 44.51, 57.37"
EA-98-01,Bridge Pond,11,10,"Secchi, Temp, DO, pH, Alkalinity, TP, TP_ugL, TN, Chlorophyll, Phaeophytin, Total.Pigments, CTI_TP, CTI_Chlorophyll, CTI_Secchi","11, 11, 11, 11, 11, 11, 10, 10, 11, 11, 1, 10, 10, 10",2017,"2.15, 21.5, 7.35, 6.84, 23.9, 0.62, 8.36, 66.24, 2.84, 7.76, 9.91, 34.77, 50.53, 40.3"
EA-99-01,Little Depot Pond,15,15,"Secchi, Temp, DO, pH, Alkalinity, TP, TP_ugL, TN, Chlorophyll, Phaeophytin, Total.Pigments, CTI_TP, CTI_Chlorophyll, CTI_Secchi","15, 15, 15, 15, 15, 15, 14, 14, 15, 15, 1, 14, 14, 14",2017,"1.5, 21.7, 7.8, 6.3, 7.6, 2.54, 12.39, 104.82, 74.68, 3.39, 13.42, 40.44, 52.61, 52.35"
FA-761-01,Cedar Lake,5,5,"Secchi, Temp, DO, pH, Alkalinity, TP, TP_ugL, TN, Chlorophyll, Phaeophytin, CTI_TP, CTI_Chlorophyll, CTI_Secchi","5, 5, 5, 5, 5, 5, 5, 5, 5, 5, 5, 5, 5",2007,"1.6, 20.91, 9.63, 6.6, 11.1, 0.49, 15.28, 34.21, 4.11, 2.21, 43.47, 44.47, 53.23"
FA-780-01,Trout Pond,5,2,"Secchi, Temp, DO, pH, Alkalinity, TP, TP_ugL, TN, Chlorophyll, Phaeophytin, CTI_TP, CTI_Chlorophyll, CTI_Secchi","5, 5, 5, 5, 5, 5, 5, 5, 5, 5, 4, 5, 5",2007,"1.05, 20.16, 11.63, 6.35, 11.9, 0.4, 12.3, 33.9, 8.99, 2.42, 40.34, 52.15, 59.3"
FA-832-01,Dam Pond,2,2,"Secchi, Temp, DO, pH, Alkalinity, TP, TP_ugL, TN, Chlorophyll, Phaeophytin, CTI_TP, CTI_Chlorophyll, CTI_Secchi","2, 2, 2, 2, 2, 2, 2, 2, 2, 2, 2, 2, 2",2005,"0.9, 25.44, 9.34, 6.76, 55.9, 1.3, 40.27, 30.09, 13.27, 1.23, 57.44, 55.96, 61.52"
FA-844-01,Potters Hole,1,0,"Secchi, Temp, DO, pH, Alkalinity, TP, TP_ugL, TN, Chlorophyll, Phaeophytin, CTI_TP, CTI_Chlorophyll, CTI_Secchi","1, 1, 1, 1, 1, 1, 1, 1, 1, 1, 1, 1, 1",2001,"0.6, 21.6, 8.73, 7.77, 66.9, 1.97, 61.02, 33.2, 11.93, 1.52, 63.43, 54.92, 67.36"
FA-855-01,Coonamessett Pond,1,1,"Secchi, Temp, DO, pH, Alkalinity, TP, TP_ugL, TN, Chlorophyll, Phaeophytin, CTI_TP, CTI_Chlorophyll, CTI_Secchi","1, 1, 1, 1, 1, 1, 1, 1, 1, 1, 1, 1, 1",2008,"3.23, 24.4, 7.95, 6.87, 10.1, 0.25, 7.74, 17.12, 7.72, 1.7, 33.66, 50.65, 43.1"
FA-857-01,Deep Pond,1,1,"Secchi, Temp, DO, pH, Alkalinity, TP, TP_ugL, TN, Chlorophyll, Phaeophytin, CTI_TP, CTI_Chlorophyll, CTI_Secchi","1, 1, 1, 1, 1, 1, 1, 1, 1, 1, 1, 1, 1",2001,"2.5, 21.9, 9.18, 7, 6.9, 0.17, 5.27, 31.3, 4.13, 1.54, 28.12, 44.51, 46.8"
FA-882-01,Round Pond,2,2,"Secchi, Temp, DO, pH, Alkalinity, TP, TP_ugL, TN, Chlorophyll, Phaeophytin, CTI_TP, CTI_Chlorophyll, CTI_Secchi","2, 2, 2, 2, 2, 2, 2, 2, 2, 2, 2, 2, 2",2008,"3.05, 25.3, 6.82, 6.35, 8.2, 0.4, 12.39, 24.19, 4.99, 1, 40.44, 46.37, 43.93"
FA-888-01,Pickerel Pond,1,0,"Secchi, Temp, DO, pH, Alkalinity, TP, TP_ugL, TN, Chlorophyll, Phaeophytin, CTI_TP, CTI_Chlorophyll, CTI_Secchi","1, 1, 1, 1, 1, 1, 1, 1, 1, 1, 1, 1, 1",2008,"1, 23.2, 3.6, 6.16, 8.2, 0.73, 22.61, 26.97, 3.4, 3.2, 49.12, 42.61, 60"
FA-893-01,Crocker Pond,7,7,"Secchi, Temp, DO, pH, Alkalinity, TP, TP_ugL, TN, Chlorophyll, Phaeophytin, CTI_TP, CTI_Chlorophyll, CTI_Secchi","7, 7, 7, 7, 7, 7, 7, 7, 7, 7, 7, 7, 7",2014,"3.8, 20.3, 10.7, 6.62, 5.8, 0.99, 30.66, 23.15, 3.46, 1.76, 53.51, 42.78, 40.76"
FA-927-01,Oyster Pond,1,1,"Secchi, Temp, DO, pH, Alkalinity, TP, TP_ugL, TN, Chlorophyll, Phaeophytin, CTI_TP, CTI_Chlorophyll, CTI_Secchi","1, 1, 1, 1, 1, 1, 1, 1, 1, 1, 1, 1, 1",2001,"0.95, 21.9, 11.3, 8.46, 86.1, 7.6, 235.4, 128.2, 67.29, 0, 82.9, 71.89, 60.74"
FA-933-01,Fresh Pond,2,2,"Secchi, Temp, DO, pH, Alkalinity, TP, TP_ugL, TN, Chlorophyll, Phaeophytin, CTI_TP, CTI_Chlorophyll, CTI_Secchi","2, 2, 2, 2, 2, 2, 2, 2, 2, 2, 2, 2, 2",2005,"2.1, 24.6, 7.8, 8.12, 179.4, 1.3, 40.27, 19.48, 6.62, 0.32, 57.44, 49.14, 49.31"
FA-993-01,Miles Pond,1,1,"Secchi, Temp, DO, pH, Alkalinity, TP, TP_ugL, TN, Chlorophyll, Phaeophytin, CTI_TP, CTI_Chlorophyll, CTI_Secchi","1, 1, 1, 1, 1, 1, 1, 1, 1, 1, 1, 1, 1",2005,"3, 25, 7.36, 6.41, 7.26, 0.3, 9.29, 26.52, 32.18, 1.73, 36.29, 64.65, 44.17"
HA-306-01,Seymour Pond,14,14,"Secchi, Temp, DO, pH, Alkalinity, TP, TP_ugL, TN, Chlorophyll, Phaeophytin, Total.Pigments, CTI_TP, CTI_Chlorophyll, CTI_Secchi","14, 14, 14, 14, 14, 14, 14, 14, 14, 14, 1, 14, 14, 14",2016,"5.55, 23.7, 8.13, 6.4, 5.6, 0.57, 17.66, 28.71, 3.48, 1, 4.48, 45.55, 42.83, 35.3"
HA-353-01,Hinckleys Pond,14,14,"Secchi, Temp, DO, DO_sat, pH, Alkalinity, TP, TP_ugL, TN, Chlorophyll, Phaeophytin, CTI_TP, CTI_Chlorophyll, CTI_Secchi","14, 14, 14, 4, 14, 14, 14, 14, 14, 14, 14, 13, 14, 14",2019,"1.53, 26.5, 7.56, 94, 6.55, 9.4, 0.85, 26.33, 16.54, 5.83, 2.24, 51.31, 47.9, 53.87"
HA-354-01,Hawksnest Pond,10,10,"Secchi, Temp, DO, DO_sat, pH, Alkalinity, TP, TP_ugL, TN, Chlorophyll, Phaeophytin, CTI_TP, CTI_Chlorophyll, CTI_Secchi","10, 10, 10, 1, 10, 9, 10, 10, 10, 10, 10, 10, 10, 10",2019,"5.57, 26.75, 6.85, 85.5, 5.32, 1.1, 0.34, 10.53, 9.43, 1.58, 1, 38.07, 35.06, 35.26"
HA-358-01,Walkers Pond,11,11,"Secchi, Temp, DO, DO_sat, pH, Alkalinity, TP, TP_ugL, TN, Chlorophyll, Phaeophytin, CTI_TP, CTI_Chlorophyll, CTI_Secchi","11, 11, 11, 2, 11, 11, 11, 11, 11, 11, 11, 11, 11, 11",2016,"3.12, 24.93, 6.87, 82.67, 5.94, 3.7, 1.27, 39.34, 31.54, 4.96, 4.4, 56.76, 46.17, 43.73"
HA-376-01,Aunt Edies Pond,14,1,"Secchi, Temp, DO, DO_sat, pH, Alkalinity, TP, TP_ugL, TN, Chlorophyll, Phaeophytin, CTI_TP, CTI_Chlorophyll, CTI_Secchi","14, 14, 14, 4, 14, 14, 14, 13, 14, 13, 13, 14, 13, 14",2019,"1.95, 27.7, 6.02, 77, 5.45, 1.8, 0.5, 15.49, 37.59, 11.99, 0.03, 43.66, 54.97, 50.38"
HA-381-01,Cornelius Pond,7,4,"Secchi, Temp, DO, pH, Alkalinity, TP, TP_ugL, TN, Chlorophyll, Phaeophytin, CTI_TP, CTI_Chlorophyll, CTI_Secchi","7, 7, 7, 6, 6, 6, 6, 5, 6, 6, 6, 6, 7",2008,"1.19, 23.7, 5.38, 5.3, 1, 0.65, 20.13, 43.43, 1.84, 3.17, 47.44, 36.58, 57.49"
HA-386-01,Robbins Pond,13,9,"Secchi, Temp, DO, DO_sat, pH, Alkalinity, TP, TP_ugL, TN, Chlorophyll, Phaeophytin, CTI_TP, CTI_Chlorophyll, CTI_Secchi","13, 13, 12, 3, 12, 12, 12, 12, 12, 12, 12, 12, 12, 13",2018,"2.33, 25.33, 6.9, 83.73, 6.13, 2.9, 0.36, 11.15, 20.92, 1.2, 0.78, 38.45, 32.28, 47.83"
HA-414-01,White Pond,10,9,"Secchi, Temp, DO, pH, Alkalinity, TP, TP_ugL, TN, Chlorophyll, Phaeophytin, CTI_TP, CTI_Chlorophyll, CTI_Secchi","9, 9, 9, 10, 10, 10, 10, 10, 10, 10, 10, 10, 9",2018,"5, 25.4, 7.4, 6.07, 3.5, 0.29, 8.98, 14.6, 0.24, 1.71, 35.8, 16.6, 36.81"
HA-416-01,Josephs Pond,14,14,"Secchi, Temp, DO, DO_sat, pH, Alkalinity, TP, TP_ugL, TN, Chlorophyll, Phaeophytin, CTI_TP, CTI_Chlorophyll, CTI_Secchi","14, 14, 13, 4, 14, 14, 14, 14, 14, 14, 14, 14, 14, 14",2019,"3.97, 26.7, 7.86, 98, 6.73, 12.7, 0.5, 15.49, 20.44, 1.9, 1.01, 43.66, 36.9, 40.13"
HA-420-01,Bucks Pond,14,14,"Secchi, Temp, DO, DO_sat, pH, Alkalinity, TP, TP_ugL, TN, Chlorophyll, Phaeophytin, CTI_TP, CTI_Chlorophyll, CTI_Secchi","14, 14, 14, 4, 14, 14, 14, 14, 14, 14, 14, 14, 14, 14",2019,"4.47, 27, 8.04, 100.5, 6.73, 15.8, 0.4, 12.23, 23.52, 1.77, 0.54, 40.2, 36.16, 38.41"
HA-442-01,Andrews Pond,7,6,"Secchi, Temp, DO, pH, Alkalinity, TP, TP_ugL, TN, Chlorophyll, Phaeophytin, CTI_TP, CTI_Chlorophyll, CTI_Secchi","6, 6, 6, 7, 7, 7, 7, 7, 7, 7, 7, 7, 6",2008,"4.63, 24.4, 7.56, 6.74, 11.4, 0.16, 4.96, 52.58, 4.17, 0.25, 27.24, 44.61, 37.92"
HA-507-01,Flax Pond,8,1,"Secchi, Temp, DO, pH, Alkalinity, TP, TP_ugL, TN, Chlorophyll, Phaeophytin, CTI_TP, CTI_Chlorophyll, CTI_Secchi","6, 7, 7, 8, 8, 7, 7, 7, 8, 8, 7, 8, 6",2012,"0.77, 25.8, 6.34, 7.27, 33.6, 0.46, 14.25, 34.2, 2.64, 1.68, 42.46, 40.12, 63.77"
HA-525-01,Sand Pond,14,12,"Secchi, Temp, DO, DO_sat, pH, Alkalinity, TP, TP_ugL, TN, Chlorophyll, Phaeophytin, CTI_TP, CTI_Chlorophyll, CTI_Secchi","13, 13, 13, 4, 14, 14, 14, 14, 14, 14, 14, 14, 14, 13",2019,"3.45, 27.15, 6.72, 84.5, 6.22, 6.3, 0.46, 14.41, 14.38, 2.38, 0.78, 42.58, 38.92, 42.17"
HA-579-01,Grass Pond,2,0,"pH, Alkalinity, TP, TP_ugL, TN, Chlorophyll, Phaeophytin, CTI_TP, CTI_Chlorophyll","1, 1, 2, 2, 2, 2, 2, 2, 2",2012,"6.1, 18.5, 5.38, 166.64, 84.56, 51.74, 16.15, 77.92, 69.31"
HA-629-01,Skinequit Pond,14,14,"Secchi, Temp, DO, DO_sat, pH, Alkalinity, TP, TP_ugL, TN, Chlorophyll, Phaeophytin, CTI_TP, CTI_Chlorophyll, CTI_Secchi","14, 14, 14, 4, 14, 14, 14, 14, 14, 14, 14, 14, 14, 14",2019,"1.3, 26.2, 8.12, 100.5, 7.33, 29.35, 1.06, 32.98, 31.18, 16.64, 5.43, 54.53, 58.1, 56.32"
MA-1039-01,Mashpee-Wakeby Pond,18,18,"Secchi, Temp, DO, pH, Alkalinity, TP, TP_ugL, TN, Chlorophyll, Phaeophytin, Total.Pigments, CTI_TP, CTI_Chlorophyll, CTI_Secchi","16, 17, 17, 17, 17, 17, 17, 16, 17, 17, 1, 17, 17, 16",2020,"2.7, 23.9, 8.17, 6.96, 16.9, 0.73, 22.61, 29.18, 0.66, 0.09, 8, 49.12, 26.52, 45.69"
MA-634-01,Mashpee-Wakeby Pond,18,18,"Secchi, Temp, DO, pH, Alkalinity, TP, TP_ugL, TN, Chlorophyll, Phaeophytin, Total.Pigments, CTI_TP, CTI_Chlorophyll, CTI_Secchi","17, 17, 17, 18, 18, 18, 18, 17, 18, 18, 1, 18, 18, 17",2020,"3.4, 24, 8.31, 6.95, 18.5, 0.54, 16.73, 23.49, 0.55, 0, 7.2, 44.77, 24.74, 42.37"
MA-718-01,Santuit Pond,17,17,"Secchi, Temp, DO, pH, Alkalinity, TP, TP_ugL, TN, Chlorophyll, Phaeophytin, CTI_TP, CTI_Chlorophyll, CTI_Secchi","17, 17, 17, 17, 17, 17, 17, 17, 17, 17, 17, 17, 17",2020,"0.9, 24, 9.13, 7.31, 29.6, 1.34, 41.5, 80.63, 29.16, 0.03, 57.87, 63.69, 61.52"
MA-781-01,Washburn Pond,1,0,"Temp, DO, pH, Alkalinity, TP, TP_ugL, TN, Chlorophyll, Phaeophytin, CTI_TP, CTI_Chlorophyll","1, 1, 1, 1, 1, 1, 1, 1, 1, 1, 1",2001,"19.6, 3.94, 6.05, 8.2, 1.51, 46.77, 65.5, 16.73, 0.78, 59.6, 58.24"
MA-793-01,Moody Pond,12,12,"Secchi, Temp, DO, pH, Alkalinity, TP, TP_ugL, TN, Chlorophyll, Phaeophytin, CTI_TP, CTI_Chlorophyll, CTI_Secchi","12, 12, 12, 12, 12, 12, 12, 12, 11, 11, 12, 11, 12",2013,"3.7, 19.5, 8.11, 6.1, 3.6, 0.88, 27.26, 16.35, 0.85, 1.8, 51.81, 29.01, 41.15"
MA-801-01,Amos Pond,1,0,"Secchi, Temp, DO, pH, Alkalinity, TP, TP_ugL, TN, Chlorophyll, Phaeophytin, CTI_TP, CTI_Chlorophyll, CTI_Secchi","1, 1, 1, 1, 1, 1, 1, 1, 1, 1, 1, 1, 1",2001,"0.4, 18.7, 3.62, 5.29, 1.7, 1.51, 46.77, 104, 0.7, 3.88, 59.6, 27.1, 73.2"
MA-804-01,Coombs Pond,1,0,"Secchi, Temp, DO, pH, Alkalinity, TP, TP_ugL, TN, Chlorophyll, Phaeophytin, CTI_TP, CTI_Chlorophyll, CTI_Secchi","1, 1, 1, 1, 1, 1, 1, 1, 1, 1, 1, 1, 1",2001,"0.25, 17.7, 1.46, 5.64, 4.9, 1.51, 46.77, 94.1, 17.54, 9.55, 59.6, 58.7, 79.98"
MA-808-01,Ashumet Pond,17,17,"Secchi, Temp, DO, pH, Alkalinity, TP, TP_ugL, TN, Chlorophyll, Phaeophytin, Total.Pigments, CTI_TP, CTI_Chlorophyll, CTI_Secchi","17, 17, 17, 17, 17, 17, 17, 17, 17, 17, 1, 17, 17, 17",2020,"3.5, 24.4, 8.54, 6.97, 17.2, 1.05, 32.52, 23.49, 5.53, 0.03, 3.21, 54.36, 47.38, 41.95"
MA-818-01,Johns Pond,18,18,"Secchi, Temp, DO, pH, Alkalinity, TP, TP_ugL, TN, Chlorophyll, Phaeophytin, Total.Pigments, CTI_TP, CTI_Chlorophyll, CTI_Secchi","16, 15, 15, 18, 18, 18, 18, 18, 18, 18, 1, 18, 18, 16",2020,"3.7, 25.4, 8.65, 6.86, 12.1, 0.58, 17.96, 20.5, 4.11, 0.03, 8.68, 45.8, 44.47, 41.15"
MA-870-01,Cataquin Pond,1,0,"Secchi, Temp, DO, pH, Alkalinity, TP, TP_ugL, TN, Chlorophyll, Phaeophytin, CTI_TP, CTI_Chlorophyll, CTI_Secchi","1, 1, 1, 1, 1, 1, 1, 1, 1, 1, 1, 1, 1",2001,"0.5, 20.5, 3.5, 5.24, 1.4, 1.08, 33.45, 65.1, 11.07, 36.37, 54.76, 54.19, 69.99"
MA-871-01,Martha Pond,1,0,"Secchi, Temp, DO, pH, Alkalinity, TP, TP_ugL, TN, Chlorophyll, Phaeophytin, CTI_TP, CTI_Chlorophyll, CTI_Secchi","1, 1, 1, 1, 1, 1, 1, 1, 1, 1, 1, 1, 1",2014,"1, 21.7, 1.93, 5.86, 5.9, 0.7, 21.68, 60.03, 10.38, 11.96, 48.51, 53.55, 60"
MA-876-01,Trout Pond,1,0,"Secchi, Temp, DO, pH, Alkalinity, TP, TP_ugL, TN, Chlorophyll, Phaeophytin, CTI_TP, CTI_Chlorophyll, CTI_Secchi","1, 1, 1, 1, 1, 1, 1, 1, 1, 1, 1, 1, 1",2001,"1.08, 17.4, 10.05, 6, 6.6, 0.77, 23.85, 79.5, 21.12, 14.31, 49.89, 60.52, 58.89"
MA-895-01,Flying Squirrel Pond,1,0,"Secchi, Temp, DO, pH, Alkalinity, TP, TP_ugL, TN, Chlorophyll, Phaeophytin, CTI_TP, CTI_Chlorophyll, CTI_Secchi","1, 1, 1, 1, 1, 1, 1, 1, 1, 1, 1, 1, 1",2001,"0.87, 18.3, 4.46, 5.54, 2.1, 0.66, 20.44, 41.7, 4.13, 0, 47.66, 44.51, 62.01"
MA-897-01,Flashy Pond,1,0,"Secchi, Temp, DO, pH, Alkalinity, TP, TP_ugL, TN, Chlorophyll, Phaeophytin, CTI_TP, CTI_Chlorophyll, CTI_Secchi","1, 1, 1, 1, 1, 1, 1, 1, 1, 1, 1, 1, 1",2001,"1.8, 20.8, 7.68, 5.91, 3.1, 0.71, 21.99, 39.8, 3.89, 0, 48.72, 43.93, 51.53"
MA-957-01,Deans Pond,1,0,"Secchi, Temp, DO, pH, Alkalinity, TP, TP_ugL, TN, Chlorophyll, Phaeophytin, CTI_TP, CTI_Chlorophyll, CTI_Secchi","1, 1, 1, 1, 1, 1, 1, 1, 1, 1, 1, 1, 1",2001,"0.9, 17, 10, 6.05, 3.3, 0.87, 26.95, 52.4, 2.96, 0.52, 51.65, 41.25, 61.52"
MA-960-01,Jim Pond,1,1,"Secchi, Temp, DO, pH, Alkalinity, TP, TP_ugL, TN, Chlorophyll, Phaeophytin, CTI_TP, CTI_Chlorophyll, CTI_Secchi","1, 1, 1, 1, 1, 1, 1, 1, 1, 1, 1, 1, 1",2001,"7.8, 23, 8.15, 5.68, 1.4, 1.72, 53.27, 19.4, 2.34, 0.46, 61.47, 38.94, 30.4"
OR-113-01,Ice House Pond,17,16,"Secchi, Temp, DO, pH, Alkalinity, TP, TP_ugL, TN, Chlorophyll, Phaeophytin, Total.Pigments, CTI_TP, CTI_Chlorophyll, CTI_Secchi","15, 16, 16, 17, 17, 17, 16, 17, 17, 17, 2, 16, 16, 15",2019,"3.7, 22.4, 7.55, 6.19, 10.2, 0.58, 17.96, 30.98, 2.15, 1.24, 3.39, 45.8, 38.11, 41.15"
OR-122-01,Cedar Pond,15,15,"Secchi, Temp, DO, pH, Alkalinity, TP, TP_ugL, TN, Chlorophyll, Phaeophytin, Total.Pigments, CTI_TP, CTI_Chlorophyll, CTI_Secchi, Sal","15, 14, 14, 15, 15, 15, 15, 15, 15, 15, 1, 15, 15, 15, 3",2017,"0.5, 24.8, 5.1, 7.93, 78.2, 5.53, 171.28, 60.97, 24.38, 6.21, NA, 78.32, 61.93, 69.99, 20"
OR-123-01,Reubens Pond,14,0,"Secchi, Temp, DO, pH, Alkalinity, TP, TP_ugL, TN, Chlorophyll, Phaeophytin, Total.Pigments, CTI_TP, CTI_Chlorophyll, CTI_Secchi","14, 14, 14, 14, 13, 14, 14, 14, 14, 14, 1, 14, 14, 14",2017,"0.45, 22.7, 7.02, 5.45, 4.9, 5.48, 169.74, 121.99, 128.25, 36.43, 213.45, 78.19, 78.22, 71.51"
OR-129-01,Critchetts Pond,1,0,"Secchi, Temp, DO, pH, Alkalinity, TP, TP_ugL, TN, Chlorophyll, Phaeophytin, CTI_TP, CTI_Chlorophyll, CTI_Secchi","1, 1, 1, 1, 1, 1, 1, 1, 1, 1, 1, 1, 1",2016,"0.33, 24.5, 7.11, 5.74, 5.2, 3.32, 102.83, 90.45, 18.75, 14.73, 70.96, 59.36, 75.98"
OR-136-01,Bolands Pond,17,15,"Secchi, Temp, DO, pH, Alkalinity, TP, TP_ugL, TN, Chlorophyll, Phaeophytin, Total.Pigments, CTI_TP, CTI_Chlorophyll, CTI_Secchi","15, 15, 15, 17, 17, 17, 17, 17, 17, 17, 2, 17, 17, 15",2019,"0.75, 21.5, 9.42, 6.16, 7.6, 2.17, 67.21, 70.06, 56.09, 14.25, 70.33, 64.83, 70.1, 64.15"
OR-142-01,Uncle Harveys Pond,16,15,"Secchi, Temp, DO, pH, Alkalinity, TP, TP_ugL, TN, Chlorophyll, Phaeophytin, Total.Pigments, CTI_TP, CTI_Chlorophyll, CTI_Secchi","15, 15, 15, 16, 16, 16, 16, 16, 16, 16, 2, 16, 16, 15",2019,"1.34, 23.8, 8.27, 6.83, 23.4, 0.87, 26.95, 48.35, 19.84, 6.99, 26.83, 51.65, 59.91, 55.78"
OR-147-01,Kettle Pond,12,7,"Secchi, Temp, DO, pH, Alkalinity, TP, TP_ugL, TN, Chlorophyll, Phaeophytin, Total.Pigments, CTI_TP, CTI_Chlorophyll, CTI_Secchi","12, 11, 11, 12, 12, 12, 12, 12, 12, 12, 1, 12, 12, 12",2019,"0.18, 21.3, 1.19, 4.82, 0.3, 8.1, 250.89, 132.88, 2.04, 9.23, 11.27, 83.82, 37.59, 84.71"
OR-153-01,Crystal Lake,15,15,"Secchi, Temp, DO, pH, Alkalinity, TP, TP_ugL, TN, Chlorophyll, Phaeophytin, Total.Pigments, CTI_TP, CTI_Chlorophyll, CTI_Secchi","14, 14, 14, 15, 15, 15, 15, 15, 15, 15, 1, 15, 15, 14",2017,"3.7, 23, 7.95, 6.51, 7, 0.45, 13.94, 32.34, 1.95, 2.25, 9.83, 42.14, 37.15, 41.15"
OR-167-01,Bakers Pond,16,16,"Secchi, Temp, DO, pH, Alkalinity, TP, TP_ugL, TN, Chlorophyll, Phaeophytin, Total.Pigments, CTI_TP, CTI_Chlorophyll, CTI_Secchi","16, 16, 16, 16, 16, 16, 16, 16, 16, 16, 1, 16, 16, 16",2018,"5.5, 23, 7.61, 6.19, 4.2, 0.28, 8.67, 20.77, 1.13, 1.41, 3.62, 35.3, 31.8, 35.43"
OR-171-01,Chigger Pond,2,1,"Secchi, Temp, DO, pH, Alkalinity, TP, TP_ugL, TN, Chlorophyll, Phaeophytin, CTI_TP, CTI_Chlorophyll, CTI_Secchi","2, 2, 2, 2, 2, 2, 2, 2, 2, 2, 2, 2, 2",2005,"0.43, 21.1, 2.95, 5.88, 6.26, 2.21, 68.45, 118.65, 5.93, 21.38, 65.09, 48.06, 72.16"
OR-174-01,Gould Pond,17,17,"Secchi, Temp, DO, pH, Alkalinity, TP, TP_ugL, TN, Chlorophyll, Phaeophytin, Total.Pigments, CTI_TP, CTI_Chlorophyll, CTI_Secchi","17, 17, 17, 17, 17, 17, 17, 17, 17, 17, 2, 17, 17, 17",2019,"3.35, 25.1, 5.69, 5.39, 2.3, 0.39, 12.08, 19.6, 1.93, 2.29, 4.22, 40.08, 37.05, 42.58"
OR-176-01,Pilgrim Lake,15,15,"Secchi, Temp, DO, pH, Alkalinity, TP, TP_ugL, TN, Chlorophyll, Phaeophytin, Total.Pigments, CTI_TP, CTI_Chlorophyll, CTI_Secchi","15, 15, 15, 15, 15, 15, 15, 15, 15, 15, 2, 15, 15, 15",2019,"1.8, 22.4, 8.3, 6.86, 24.7, 0.54, 16.73, 31.55, 13.17, 8.43, 21.6, 44.77, 55.89, 51.53"
OR-203-01,Wash Pond,9,8,"Secchi, Temp, DO, pH, Alkalinity, TP, TP_ugL, TN, Chlorophyll, Phaeophytin, CTI_TP, CTI_Chlorophyll, CTI_Secchi","9, 9, 9, 9, 9, 9, 9, 9, 9, 9, 9, 9, 9",2009,"1.47, 19.1, 5.03, 5.75, 4.4, 0.7, 21.7, 48.86, 19.5, 4.85, 48.52, 59.74, 54.45"
OR-228-01,Uncle Israels Pond,17,4,"Secchi, Temp, DO, pH, Alkalinity, TP, TP_ugL, TN, Chlorophyll, Phaeophytin, Total.Pigments, CTI_TP, CTI_Chlorophyll, CTI_Secchi","17, 17, 17, 17, 17, 17, 16, 16, 17, 17, 2, 17, 17, 17",2019,"0.51, 21, 5.6, 5.46, 4.1, 4.17, 129.16, 75.27, 17.26, 26.04, 43.29, 74.25, 58.54, 69.7"
OR-247-01,Twinings Pond,17,17,"Secchi, Temp, DO, pH, Alkalinity, TP, TP_ugL, TN, Chlorophyll, Phaeophytin, Total.Pigments, CTI_TP, CTI_Chlorophyll, CTI_Secchi","17, 17, 17, 17, 17, 17, 17, 17, 17, 17, 2, 17, 17, 17",2019,"2.33, 23.8, 7.39, 6.19, 11.9, 0.65, 20.13, 27.5, 12.04, 9.24, 21.29, 47.44, 55.01, 47.81"
OR-249-01,Sarahs Pond,17,17,"Secchi, Temp, DO, pH, Alkalinity, TP, TP_ugL, TN, Chlorophyll, Phaeophytin, Total.Pigments, CTI_TP, CTI_Chlorophyll, CTI_Secchi","17, 17, 17, 17, 17, 17, 16, 16, 17, 17, 2, 17, 17, 17",2019,"0.95, 25.4, 6.67, 6.47, 25, 1.86, 57.61, 64.27, 14.95, 3.21, 18.17, 62.6, 57.13, 60.74"
OR-253-01,Shoal Pond,17,15,"Secchi, Temp, DO, pH, Alkalinity, TP, TP_ugL, TN, Chlorophyll, Phaeophytin, Total.Pigments, CTI_TP, CTI_Chlorophyll, CTI_Secchi","17, 17, 17, 17, 17, 17, 17, 16, 17, 17, 2, 17, 17, 17",2019,"0.65, 22.5, 1.23, 5.65, 14.2, 1.23, 38.1, 49.79, 15.55, 21.56, 37.11, 56.64, 57.52, 66.21"
OR-256-01,Meadow Bog Pond,16,12,"Secchi, Temp, DO, pH, Alkalinity, TP, TP_ugL, TN, Chlorophyll, Phaeophytin, Total.Pigments, CTI_TP, CTI_Chlorophyll, CTI_Secchi","16, 16, 16, 16, 16, 16, 16, 15, 16, 15, 2, 16, 16, 16",2019,"1.6, 24.3, 4.19, 8.6, 39.6, 0.95, 29.43, 32.61, 6, 5.15, 18.62, 52.92, 48.18, 53.23"
OR-262-01,Deep Pond,17,17,"Secchi, Temp, DO, pH, Alkalinity, TP, TP_ugL, TN, Chlorophyll, Phaeophytin, Total.Pigments, CTI_TP, CTI_Chlorophyll, CTI_Secchi","17, 17, 17, 17, 17, 17, 17, 16, 17, 17, 2, 17, 17, 17",2019,"2.05, 24.4, 6.01, 6.39, 23.1, 0.62, 19.2, 35.61, 10.44, 3.12, 13.56, 46.76, 53.61, 49.66"
OR-264-01,Uncle Seths Pond,17,17,"Secchi, Temp, DO, pH, Alkalinity, TP, TP_ugL, TN, Chlorophyll, Phaeophytin, Total.Pigments, CTI_TP, CTI_Chlorophyll, CTI_Secchi","17, 17, 17, 17, 17, 17, 17, 17, 17, 17, 2, 17, 17, 17",2019,"2.09, 23, 3.45, 6.27, 28.9, 0.54, 16.73, 26.63, 2.32, 2.14, 4.46, 44.77, 38.86, 49.38"
PR-1-01,Grassy Pond,1,0,"Secchi, pH, Alkalinity, TP, TP_ugL, TN, Chlorophyll, Phaeophytin, CTI_TP, CTI_Chlorophyll, CTI_Secchi","1, 1, 1, 1, 1, 1, 1, 1, 1, 1, 1",2001,"0.3, 4.68, 0, 0.86, 26.64, 46.4, 1.37, 3.3, 51.48, 33.69, 77.35"
PR-16-01,Pasture Pond,1,0,"Secchi, pH, Alkalinity, TP, TP_ugL, TN, Chlorophyll, Phaeophytin, CTI_TP, CTI_Chlorophyll, CTI_Secchi","1, 1, 1, 1, 1, 1, 1, 1, 1, 1, 1",2001,"0.5, 4.44, 0, 0.66, 20.44, 41.2, 0.71, 2.31, 47.66, 27.24, 69.99"
PR-22-01,Bennett Pond,2,0,"Secchi, Temp, DO, pH, Alkalinity, TP, TP_ugL, TN, Chlorophyll, Phaeophytin, CTI_TP, CTI_Chlorophyll, CTI_Secchi","1, 1, 1, 2, 1, 2, 2, 2, 2, 2, 2, 2, 1",2003,"0.5, 14.2, 3.8, 4.6, 0, 0.9, 27.88, 72.2, 1.94, 3.05, 52.14, 37.1, 69.99"
PR-25-01,Clapps Round Pond,1,0,"Secchi, pH, Alkalinity, TP, TP_ugL, TN, Chlorophyll, Phaeophytin, CTI_TP, CTI_Chlorophyll, CTI_Secchi","1, 1, 1, 1, 1, 1, 1, 1, 1, 1, 1",2001,"0.3, 4.86, 0.3, 7.25, 224.56, 425.5, 72.83, 301.85, 82.22, 72.67, 77.35"
PR-26-01,Duck Pond,2,0,"Temp, DO, pH, Alkalinity, TP, TP_ugL, TN, Chlorophyll, Phaeophytin, CTI_TP, CTI_Chlorophyll","1, 1, 1, 1, 2, 2, 2, 2, 2, 2, 2",2004,"NA, NA, 5.05, 3.63, 0.47, 14.56, 32.65, 1.9, 3.06, 42.77, 36.9"
PR-28-01,Clapps Pond,8,2,"Secchi, Temp, DO, pH, Alkalinity, TP, TP_ugL, TN, Chlorophyll, Phaeophytin, CTI_TP, CTI_Chlorophyll, CTI_Secchi","6, 7, 7, 7, 7, 8, 8, 8, 8, 8, 8, 8, 6",2010,"0, 17.8, 7.96, 5.32, 1.7, 0.24, 7.56, 57.37, 1.33, 2.54, 33.32, 33.4, 0"
PR-9-01,Great Pond,3,0,"Secchi, Temp, DO, pH, Alkalinity, TP, TP_ugL, TN, Chlorophyll, Phaeophytin, CTI_TP, CTI_Chlorophyll, CTI_Secchi","1, 1, 1, 2, 2, 3, 3, 3, 3, 3, 3, 3, 1",2004,"0.5, NA, NA, 5.37, 2.22, 7.37, 228.28, 116.89, 26.2, 51.34, 82.46, 62.64, 69.99"
SA-409-01,Spectacle Pond,8,8,"Secchi, Temp, DO, pH, Alkalinity, TP, TP_ugL, TN, Chlorophyll, Phaeophytin, CTI_TP, CTI_Chlorophyll, CTI_Secchi","8, 8, 8, 8, 8, 8, 8, 8, 8, 8, 8, 8, 8",2010,"3, 24, 7.43, 6.45, 4.1, 0.45, 14.08, 40.07, 0.89, 0.95, 42.29, 29.5, 44.17"
SA-431-01,Lawrence Pond,10,10,"Secchi, Temp, DO, pH, Alkalinity, TP, TP_ugL, TN, Chlorophyll, Phaeophytin, CTI_TP, CTI_Chlorophyll, CTI_Secchi","10, 10, 10, 10, 10, 10, 10, 10, 9, 9, 10, 9, 10",2012,"4.33, 25.6, 5.8, 6.23, 4.6, 0.54, 16.73, 17.42, 1.77, 1.03, 44.77, 36.2, 38.88"
SA-504-01,Triangle Pond,10,10,"Secchi, Temp, DO, pH, Alkalinity, TP, TP_ugL, TN, Chlorophyll, Phaeophytin, CTI_TP, CTI_Chlorophyll, CTI_Secchi","10, 10, 10, 10, 10, 10, 10, 10, 10, 10, 10, 10, 10",2012,"4.5, 26.6, 6.75, 6.66, 5.9, 0.35, 10.84, 18.4, 1.98, 0.12, 38.52, 37.3, 38.33"
SA-526-01,Peters Pond,4,4,"Secchi, Temp, DO, pH, Alkalinity, TP, TP_ugL, TN, Chlorophyll, Phaeophytin, CTI_TP, CTI_Chlorophyll, CTI_Secchi","4, 4, 4, 4, 4, 4, 4, 4, 4, 4, 4, 4, 4",2005,"5.4, 24.8, 7.88, 6.85, 24.01, 1.2, 37.17, 16.34, 3.08, 0.46, 56.29, 41.64, 35.7"
SA-568-01,Snake Pond,4,4,"Secchi, Temp, DO, pH, Alkalinity, TP, TP_ugL, TN, Chlorophyll, Phaeophytin, CTI_TP, CTI_Chlorophyll, CTI_Secchi","4, 4, 4, 4, 4, 4, 4, 4, 4, 4, 4, 4, 4",2005,"8.2, 24.3, 7.48, 6.61, 6.46, 0.2, 6.19, 18.02, 1.3, 0.11, 30.44, 33.17, 29.68"
SA-615-01,Pimlico Pond,4,4,"Secchi, Temp, DO, pH, Alkalinity, TP, TP_ugL, TN, Chlorophyll, Phaeophytin, CTI_TP, CTI_Chlorophyll, CTI_Secchi","4, 4, 4, 4, 3, 4, 4, 4, 4, 4, 4, 4, 4",2005,"4.9, 24.6, 8.26, 6.73, 11.5, 0.4, 12.39, 16.96, 1.79, 0.12, 40.44, 36.31, 37.1"
TR-38-01,Village Pond,1,0,"Secchi, Temp, DO, pH, Alkalinity, TP, TP_ugL, TN, Chlorophyll, Phaeophytin, CTI_TP, CTI_Chlorophyll, CTI_Secchi","1, 1, 1, 1, 1, 1, 1, 1, 1, 1, 1, 1, 1",2003,"0.84, 19.1, 8.04, 6.36, 0.49, 2.2, 68.14, 45.3, 4.59, 3.78, 65.02, 45.55, 62.51"
TR-48-01,Great Pond,10,10,"Secchi, Temp, DO, pH, Alkalinity, TP, TP_ugL, TN, Chlorophyll, Phaeophytin, CTI_TP, CTI_Chlorophyll, CTI_Secchi","10, 10, 10, 10, 10, 10, 10, 10, 9, 9, 10, 9, 10",2013,"5, 24.14, 7.95, 6.1, 3.1, 0.12, 3.72, 19.27, 1.61, 0.86, 23.09, 35.27, 36.81"
TR-49-01,Round Pond (East),3,3,"Secchi, Temp, DO, pH, Alkalinity, TP, TP_ugL, TN, Chlorophyll, Phaeophytin, CTI_TP, CTI_Chlorophyll, CTI_Secchi","3, 3, 3, 3, 3, 3, 3, 3, 3, 3, 3, 3, 3",2004,"6.3, 24.6, 7.87, 5.52, 2.02, 0.2, 6.19, 6.94, 1.65, 0.07, 30.44, 35.51, 33.48"
TR-50-01,Round Pond (West),2,2,"Secchi, Temp, DO, pH, Alkalinity, TP, TP_ugL, TN, Chlorophyll, Phaeophytin, CTI_TP, CTI_Chlorophyll, CTI_Secchi","2, 2, 2, 2, 2, 2, 2, 2, 2, 2, 2, 2, 2",2003,"4.36, 23.75, 6.26, 4.65, 0.3, 1, 30.97, 15.2, 2.33, 0.51, 53.65, 38.9, 38.78"
TR-51-01,Horseleech Pond,2,2,"Secchi, Temp, DO, pH, Alkalinity, TP, TP_ugL, TN, Chlorophyll, Phaeophytin, CTI_TP, CTI_Chlorophyll, CTI_Secchi","2, 2, 2, 2, 2, 2, 2, 2, 2, 2, 2, 2, 2",2004,"4, 25, 7.6, 6.4, 3.8, 0.24, 7.43, 15.9, 0.39, 1.28, 33.07, 21.36, 40.02"
TR-52-01,Snow Pond,5,5,"Secchi, Temp, DO, pH, Alkalinity, TP, TP_ugL, TN, Chlorophyll, Phaeophytin, CTI_TP, CTI_Chlorophyll, CTI_Secchi","5, 5, 5, 5, 5, 5, 5, 5, 5, 5, 5, 5, 5",2013,"5.8, 24, 7.63, 5.6, 2.4, 0.23, 7.12, 23.25, 1.06, 0.17, 32.46, 31.17, 34.67"
TR-53-01,Slough Pond,7,7,"Secchi, Temp, DO, pH, Alkalinity, TP, TP_ugL, TN, Chlorophyll, Phaeophytin, CTI_TP, CTI_Chlorophyll, CTI_Secchi","7, 7, 7, 7, 7, 7, 7, 7, 7, 7, 7, 7, 7",2009,"5.35, 19.77, 74, 5.62, 1.8, 0.13, 4.13, 13.24, 22.06, 3.53, 24.6, 60.95, 35.83"
TR-54-01,Ryder Pond,4,4,"Secchi, Temp, DO, pH, Alkalinity, TP, TP_ugL, TN, Chlorophyll, Phaeophytin, CTI_TP, CTI_Chlorophyll, CTI_Secchi","4, 4, 4, 4, 4, 4, 4, 4, 4, 4, 4, 4, 4",2013,"6.8, 24.52, 8.11, 5.1, 1.5, 0.12, 3.72, 23.39, 1.6, 0.68, 23.09, 35.21, 32.38"
WE-55-01,Williams Pond,3,1,"Secchi, Temp, DO, pH, Alkalinity, TP, TP_ugL, TN, Chlorophyll, Phaeophytin, CTI_TP, CTI_Chlorophyll, CTI_Secchi","3, 3, 3, 3, 3, 3, 3, 3, 3, 3, 3, 3, 3",2004,"1.3, 23.3, 8.13, 6.72, 9.69, 0.5, 15.49, 31.77, 2.72, 0.61, 43.66, 40.42, 56.22"
WE-56-01,Herring Pond,3,3,"Secchi, Temp, DO, pH, Alkalinity, TP, TP_ugL, TN, Chlorophyll, Phaeophytin, CTI_TP, CTI_Chlorophyll, CTI_Secchi","3, 3, 3, 3, 3, 3, 3, 3, 3, 3, 3, 3, 3",2004,"0.5, 19.4, 10.4, 7.06, 0.89, 1.3, 40.27, 30.6, 26.32, 0.03, 57.44, 62.68, 69.99"
WE-57-01,Higgins Pond,3,3,"Secchi, Temp, DO, pH, Alkalinity, TP, TP_ugL, TN, Chlorophyll, Phaeophytin, CTI_TP, CTI_Chlorophyll, CTI_Secchi","3, 3, 3, 3, 3, 3, 3, 3, 3, 3, 3, 3, 3",2004,"5, 24, 8.7, 6.88, 14.93, 0.31, 9.6, 18.43, 5.81, 0.03, 36.76, 47.86, 36.81"
WE-59-01,Gull Pond,6,6,"Secchi, Temp, DO, pH, Alkalinity, TP, TP_ugL, TN, Chlorophyll, Phaeophytin, CTI_TP, CTI_Chlorophyll, CTI_Secchi","6, 6, 6, 6, 6, 6, 6, 6, 6, 6, 6, 6, 6",2009,"7.6, 19.39, 9.08, 6.03, 5.5, 0.11, 3.3, 21.5, 2.64, 1.7, 21.37, 40.11, 30.77"
WE-60-01,Doanes Bog Pond,1,0,"pH, Alkalinity, TP, TP_ugL, TN, Chlorophyll, Phaeophytin, CTI_TP, CTI_Chlorophyll","1, 1, 1, 1, 1, 1, 1, 1, 1",2001,"8.92, 44.6, 0.93, 28.81, 95, 13.08, 0, 52.61, 55.82"
WE-61-01,Kinnicum Pond,3,3,"Secchi, Temp, DO, pH, Alkalinity, TP, TP_ugL, TN, Chlorophyll, Phaeophytin, CTI_TP, CTI_Chlorophyll, CTI_Secchi","3, 3, 3, 3, 2, 3, 3, 3, 3, 3, 3, 3, 3",2004,"0.9, 24, 8.09, 4.61, 0, 0.1, 3.1, 36.4, 7.9, 0.55, 20.46, 50.88, 61.52"
WE-64-01,Spectacle Pond,3,3,"Secchi, Temp, DO, pH, Alkalinity, TP, TP_ugL, TN, Chlorophyll, Phaeophytin, CTI_TP, CTI_Chlorophyll, CTI_Secchi","3, 3, 3, 3, 3, 3, 3, 3, 3, 3, 3, 3, 3",2004,"6, 19.88, 7.78, 5.36, 2.02, 0.17, 5.27, 20.2, 1.02, 0.77, 28.12, 30.79, 34.18"
WE-65-01,Long Pond,5,5,"Secchi, Temp, DO, pH, Alkalinity, TP, TP_ugL, TN, Chlorophyll, Phaeophytin, CTI_TP, CTI_Chlorophyll, CTI_Secchi","5, 5, 5, 5, 4, 5, 5, 5, 5, 5, 5, 5, 5",2007,"6.38, 24.6, 8.24, 4.82, 1.21, 0.15, 4.64, 12.11, 1.9, 0.95, 26.28, 36.9, 33.3"
WE-66-01,Northeast Pond,3,2,"Secchi, Temp, DO, pH, Alkalinity, TP, TP_ugL, TN, Chlorophyll, Phaeophytin, CTI_TP, CTI_Chlorophyll, CTI_Secchi","2, 2, 2, 2, 2, 3, 3, 3, 2, 3, 3, 2, 2",2004,"3.1, 24.7, 6.5, 5.25, 1.61, 0.29, 8.98, 20.93, 2.72, 0.69, 35.8, 40.42, 43.7"
WE-67-01,Great Pond,3,3,"Secchi, Temp, DO, pH, Alkalinity, TP, TP_ugL, TN, Chlorophyll, Phaeophytin, CTI_TP, CTI_Chlorophyll, CTI_Secchi","3, 3, 3, 3, 3, 3, 3, 3, 3, 3, 3, 3, 3",2004,"6.5, 24, 8, 5.2, 1.21, 0.01, 0.31, 18.9, 1.7, 0.2, -12.74, 35.81, 33.03"
WE-68-01,Southeast Pond,3,2,"Secchi, Temp, DO, pH, Alkalinity, TP, TP_ugL, TN, Chlorophyll, Phaeophytin, CTI_TP, CTI_Chlorophyll, CTI_Secchi","1, 2, 2, 2, 2, 3, 3, 3, 3, 3, 3, 3, 1",2004,"3.5, 24.5, 7.37, 6.35, 1.2, 0.7, 21.68, 44.3, 4.01, 0.92, 48.51, 44.22, 41.95"
WE-70-01,Turtle Pond,2,0,"Secchi, Temp, DO, pH, Alkalinity, TP, TP_ugL, TN, CTI_TP, CTI_Secchi","2, 2, 2, 1, 1, 1, 1, 1, 1, 2",2004,"1.5, 23, 7, 5.09, 1.21, 0.69, 21.37, 20.75, 48.3, 54.16"
WE-71-01,Dyer Pond,4,4,"Secchi, Temp, DO, pH, Alkalinity, TP, TP_ugL, TN, Chlorophyll, Phaeophytin, Total.Pigments, CTI_TP, CTI_Chlorophyll, CTI_Secchi","4, 4, 4, 4, 4, 4, 4, 4, 4, 4, 1, 4, 4, 4",2016,"4.4, 23.9, 8.42, 5.77, 1.7, 0.97, 30.04, 15.03, 2.16, 1.8, 3.96, 53.21, 38.15, 38.65"
WE-74-01,Grass Pond,1,0,"pH, Alkalinity, TP, TP_ugL, TN, Chlorophyll, Phaeophytin, CTI_TP, CTI_Chlorophyll","1, 1, 1, 1, 1, 1, 1, 1, 1",2001,"4.75, 0, 0.98, 30.35, 72.2, 2.42, 3.55, 53.36, 39.27"
WE-76-01,Duck Pond,9,9,"Secchi, Temp, DO, pH, Alkalinity, TP, TP_ugL, TN, Chlorophyll, Phaeophytin, Total.Pigments, CTI_TP, CTI_Chlorophyll, CTI_Secchi","8, 9, 9, 9, 9, 9, 9, 9, 9, 9, 1, 9, 9, 8",2016,"5.1, 23.5, 8.04, 5.69, 1.5, 1.07, 33.14, 15.22, 2.49, 1.52, 4.02, 54.63, 39.55, 36.52"
YA-371-01,Tom Matthews Pond,6,1,"Secchi, Temp, DO, pH, Alkalinity, TP, TP_ugL, TN, Chlorophyll, Phaeophytin, CTI_TP, CTI_Chlorophyll, CTI_Secchi","6, 6, 6, 6, 6, 6, 6, 6, 5, 5, 6, 5, 6",2009,"1.2, 22.9, 9.68, 6.2, 12.5, 1.03, 31.89, 50.32, 115.6, 0.03, 54.08, 77.2, 57.37"
YA-472-01,Dennis Pond,12,12,"Secchi, Temp, DO, pH, Alkalinity, TP, TP_ugL, TN, Chlorophyll, Phaeophytin, Total.Pigments, CTI_TP, CTI_Chlorophyll, CTI_Secchi","12, 12, 12, 12, 12, 12, 12, 12, 12, 12, 1, 12, 12, 12",2016,"5.6, 22.1, 6.8, 5.05, 0.5, 0.94, 29.12, 16.72, 0.54, 1.69, 2.23, 52.77, 24.56, 35.17"
YA-478-01,Miss Thachers Pond,1,0,"Secchi, Temp, DO, pH, Alkalinity, TP, TP_ugL, TN, Chlorophyll, Phaeophytin, CTI_TP, CTI_Chlorophyll, CTI_Secchi","1, 1, 1, 1, 1, 1, 1, 1, 1, 1, 1, 1, 1",2003,"0.5, 22.9, 1.55, 6.17, 9.38, 8.8, 272.57, 276, 102.03, 244.9, 85.02, 75.97, 69.99"
YA-483-01,Perch Pond,1,1,"Secchi, Temp, DO, pH, Alkalinity, TP, TP_ugL, TN, Chlorophyll, Phaeophytin, CTI_TP, CTI_Chlorophyll, CTI_Secchi","1, 1, 1, 1, 1, 1, 1, 1, 1, 1, 1, 1, 1",2003,"2.5, 21.3, 5.66, 5.88, 0.27, 0.05, 1.55, 30.8, 9.41, 0.03, 10.47, 52.59, 46.8"
YA-492-01,Greenough Pond,10,10,"Secchi, Temp, DO, pH, Alkalinity, TP, TP_ugL, TN, Chlorophyll, Phaeophytin, Total.Pigments, CTI_TP, CTI_Chlorophyll, CTI_Secchi","10, 10, 10, 10, 9, 10, 10, 10, 10, 10, 1, 10, 10, 10",2016,"5.2, 22.6, 6.64, 5.49, 1.4, 0.94, 29.12, 19.59, 0.97, 0.88, 1.85, 52.77, 30.3, 36.24"
YA-493-01,Elishas Pond,1,1,"Secchi, Temp, DO, pH, Alkalinity, TP, TP_ugL, TN, Chlorophyll, Phaeophytin, CTI_TP, CTI_Chlorophyll, CTI_Secchi","1, 1, 1, 1, 1, 1, 1, 1, 1, 1, 1, 1, 1",2003,"4.95, 21.9, 6.64, 5.87, 0.18, 0.2, 6.19, 23.2, 0.96, 0.44, 30.44, 30.2, 36.95"
YA-569-01,Flax Pond,11,11,"Secchi, Temp, DO, pH, Alkalinity, TP, TP_ugL, TN, Chlorophyll, Phaeophytin, Total.Pigments, CTI_TP, CTI_Chlorophyll, CTI_Secchi","11, 11, 11, 11, 11, 11, 11, 11, 11, 11, 1, 11, 11, 11",2016,"4.65, 22.9, 7.05, 6.54, 8.1, 0.94, 29.12, 28.65, 2.92, 0.79, 3.71, 52.77, 41.11, 37.85"
YA-653-01,Plashes Pond,1,0,"Secchi, Temp, DO, pH, Alkalinity, TP, TP_ugL, TN, Chlorophyll, Phaeophytin, CTI_TP, CTI_Chlorophyll, CTI_Secchi","1, 1, 1, 1, 1, 1, 1, 1, 1, 1, 1, 1, 1",2003,"1.96, 22.4, 6.9, 5.99, 0.35, 0.9, 27.88, 88.6, 4.94, 10.51, 52.14, 46.27, 50.3"
YA-657-01,Long Pond,12,12,"Secchi, Temp, DO, pH, Alkalinity, TP, TP_ugL, TN, Chlorophyll, Phaeophytin, Total.Pigments, CTI_TP, CTI_Chlorophyll, CTI_Secchi","12, 12, 12, 12, 12, 12, 12, 12, 12, 12, 1, 12, 12, 12",2016,"4, 21.8, 7.24, 6.69, 21.5, 1.01, 31.28, 43.25, 2.96, 38.63, 41.59, 53.8, 41.25, 40.02"
YA-692-01,Horse Pond,2,2,"Secchi, Temp, DO, pH, Alkalinity, TP, TP_ugL, TN, Chlorophyll, Phaeophytin, CTI_TP, CTI_Chlorophyll, CTI_Secchi","2, 2, 2, 2, 2, 2, 1, 2, 2, 2, 2, 2, 2",2004,"4.6, 19.2, 8.5, 4.99, 1.01, 0.2, 6.19, 11.4, 0.54, 0.23, 30.44, 24.56, 38.01"
YA-693-01,James Pond,1,1,"Secchi, Temp, DO, pH, Alkalinity, TP, TP_ugL, TN, Chlorophyll, Phaeophytin, CTI_TP, CTI_Chlorophyll, CTI_Secchi","1, 1, 1, 1, 1, 1, 1, 1, 1, 1, 1, 1, 1",2003,"2.35, 21.8, 7.02, 6.46, 0.45, 1.9, 58.85, 32, 5.29, 1.01, 62.91, 46.94, 47.69"
YA-711-01,Big Sandy Pond,3,3,"Secchi, Temp, DO, pH, Alkalinity, TP, TP_ugL, TN, Chlorophyll, Phaeophytin, CTI_TP, CTI_Chlorophyll, CTI_Secchi","3, 3, 3, 3, 3, 3, 3, 3, 3, 3, 3, 3, 3",2006,"1.35, 20.1, 7.88, 5.82, 3.03, 0.35, 10.9, 34.5, 2.31, 2.03, 38.6, 38.81, 55.68"
YA-716-01,Jabez Neds Pond,1,1,"Secchi, Temp, DO, pH, Alkalinity, TP, TP_ugL, TN, Chlorophyll, Phaeophytin, CTI_TP, CTI_Chlorophyll, CTI_Secchi","1, 1, 1, 1, 1, 1, 1, 1, 1, 1, 1, 1, 1",2003,"3.05, 22.8, 7.7, 5.81, 0.92, 1, 30.97, 22.6, 5.02, 0.03, 53.65, 46.43, 43.93"